Name,NC Year(s) for this academic year,Registration form(s) this academic year,Young Carer at any time this academic year?,SEN at any time this academic year?,Ever 6 FSM at any time between 01 Aug 2020 and 30 Aug 2026?,Pupil Premium Eligible at any time between 01 Aug 2020 and 30 Aug 2026?,Pupil Premium Recipient at any time between 01 Aug 2020 and 30 Aug 2026?,PLAC,Looked After (In Care) Status,Child Protection Status,L3 Graduated Response Recipient,Disadvantaged?,Disadvantaged Count
Student 0001,Year 7,7 PHL,No,No,No,No,No,,,,Yes,Y,1
Student 0002,Year 9,9 SSC,No,No,Yes,Yes,Yes,,Other/In Care,,,Y,2
Student 0003,Year 8,8 LST,No,Yes,Yes,Yes,Yes,,,,,Y,3
Student 0004,Year 10,10 RAS/SAW,No,No,Yes,Yes,Yes,,,,Yes,Y,2
Student 0005,Year 7,7 WAR/SAW,No,No,No,No,No,,,,,,0
Student 0006,Year 8,8 ABN,No,Yes,Yes,Yes,Yes,,,,,Y,2
Student 0007,Year 10,10 LST and 10 DPH,No,Yes,Yes,Yes,Yes,,,Early Help,,Y,4
Student 0008,Year 11,11 ARE/LMA,No,No,No,No,No,,,,,,0
Student 0009,Year 9,9 JBU,No,No,No,No,No,,,,,,0
Student 0010,Year 11,11 DYA,No,No,No,No,No,,,,,,0
Student 0011,Year 8,8 CRO,No,Yes,No,No,No,,,,Yes,Y,2
Student 0012,Year 9,9 LJT,No,Yes,No,No,No,,,,,Y,1
Student 0013,Year 8,8 AHE,No,No,Yes,Yes,Yes,,,,,Y,1
Student 0014,Year 11,11 BMS,No,No,Yes,Yes,Yes,,,,,Y,1
Student 0015,Year 11,11 DYA,No,No,Yes,Yes,Yes,,,,Yes,Y,2
Student 0016,Year 9,9 JBU,No,Yes,Yes,Yes,Yes,,,,,Y,2
Student 0017,Year 11,11 DYA,No,No,No,No,No,,,,,,0
Student 0018,Year 11,11 LST,No,Yes,No,No,Yes,,,Child protection plan,,Y,3
Student 0019,Year 7,7 AME,No,Yes,No,No,No,,,,,Y,2
Student 0020,Year 11,11 ARE/LMA and 11 BMS,No,Yes,No,No,No,,,,Yes,Y,2
Student 0021,Year 11,11 LST,No,Yes,No,No,Yes,,,Child protection plan,,Y,3
Student 0022,Year 7,7 INS,No,Yes,Yes,Yes,Yes,,,,,Y,2
Student 0023,Year 9,9 JDI,No,No,Yes,Yes,Yes,,,,,Y,1
Student 0024,Year 10,10 CKI,No,Yes,Yes,Yes,Yes,,,,Yes,Y,3
Student 0025,Year 7,7 ECH/SCO,No,No,Yes,Yes,Yes,,,,,Y,1
Student 0026,Year 10,10 JTR,No,No,Yes,Yes,Yes,,,,Yes,Y,2
Student 0027,Year 9,9 JBU,No,No,No,No,No,,,,,,0
Student 0028,Year 8,8 EMI/CGR,No,No,Yes,Yes,Yes,,,,,Y,1
Student 0029,Year 7,7 WAR/SAW,No,No,Yes,Yes,Yes,,,,,Y,1
Student 0030,Year 10,10 DKI,No,No,Yes,Yes,Yes,,,,,Y,1
Student 0031,Year 9,9 JBU,No,No,No,No,No,,,,Yes,Y,1
Student 0032,Year 9,9 SSC,No,No,No,No,No,,,,Yes,Y,1
Student 0033,Year 11,11 CPE,No,Yes,Yes,Yes,Yes,,,,,Y,2
Student 0034,Year 8,8 CRO,No,No,Yes,Yes,Yes,,,,,Y,1
Student 0035,Year 8,8 AST,No,Yes,Yes,Yes,Yes,,,,,Y,2
Student 0036,Year 8,8 LCP,Yes,No,Yes,Yes,Yes,,,,,Y,2
Student 0037,Year 9,9 SSC,No,No,No,No,No,,,,,,0
Student 0038,Year 7,7 WAR/SAW,No,Yes,No,No,No,,,,,Y,1
Student 0039,Year 11,11 AGN,No,No,No,No,No,,,,,,0
Student 0040,Year 9,9 SSC,No,No,Yes,Yes,Yes,,,,,Y,1
Student 0041,Year 7,7 AYE,No,No,Yes,Yes,Yes,,,,,Y,1
Student 0042,Year 10,10 CKI,No,No,Yes,Yes,Yes,,,,,Y,1
Student 0043,Year 9,9 JBU,No,No,No,No,No,,,,,,0
Student 0044,Year 11,11 ARE/LMA,No,No,No,No,No,,,,,,0
Student 0045,Year 11,11 AGN,No,Yes,No,No,No,,,,,Y,1
Student 0046,Year 8,8 LST,No,Yes,Yes,Yes,Yes,,,Child protection plan,,Y,4
Student 0047,Year 11,11 LST,No,Yes,Yes,Yes,Yes,,,Monitoring,Yes,Y,5
Student 0048,Year 9,9 JBU and 9 LST,No,No,Yes,Yes,Yes,,,Child in need,,Y,3
Student 0049,Year 9,9 DWO,No,No,No,No,No,,,,,,0
Student 0050,Year 8,8 LST,No,Yes,No,No,No,,,,,Y,2
Student 0051,Year 11,11 AGN,No,Yes,Yes,Yes,Yes,,,,Yes,Y,3
Student 0052,Year 9,9 DWO,No,No,Yes,Yes,Yes,,,,,Y,1
Student 0053,Year 7,7 HGC,No,Yes,Yes,Yes,Yes,,,,,Y,2
Student 0054,Year 10,10 CKI,No,No,Yes,Yes,Yes,,,,,Y,1
Student 0055,Year 11,11 AGN,No,No,Yes,Yes,Yes,,,,Yes,Y,2
Student 0056,Year 9,9 CHG,No,No,No,No,No,,,,Yes,Y,1
Student 0057,Year 9,9 LST,Yes,Yes,Yes,Yes,Yes,,,Child protection plan,Yes,Y,6
Student 0058,Year 11,11 BMS,No,No,Yes,Yes,Yes,,,,Yes,Y,2
Student 0059,Year 7,7 PHL,No,No,No,No,No,,,,,,0
Student 0060,Year 11,11 AGN,No,No,Yes,Yes,Yes,,,,,Y,1
Student 0061,Year 8,8 AHE,No,No,Yes,Yes,Yes,,,,,Y,1
Student 0062,Year 9,9 CHG,No,No,No,No,No,,,,,,0
Student 0063,Year 10,10 SSO,No,No,No,No,No,,,,,,0
Student 0064,Year 8,8 LST,No,Yes,No,No,No,,,Early Help,,Y,3
Student 0065,Year 10,10 CKI,No,No,Yes,Yes,Yes,,,,,Y,1
Student 0066,Year 11,11 CPE,No,No,Yes,Yes,Yes,,,Early Help,Yes,Y,3
Student 0067,Year 10,10 CKI,No,No,Yes,Yes,Yes,,,,Yes,Y,2
Student 0068,Year 11,11 MFL,No,No,Yes,Yes,Yes,,,,Yes,Y,2
Student 0069,Year 11,11 DYA,No,No,No,No,No,,,,,,0
Student 0070,Year 11,11 BMS,No,No,No,No,No,,,,,,0
Student 0071,Year 7,7 HGC,No,No,Yes,Yes,Yes,,,,,Y,1
Student 0072,Year 10,10 SSO,No,Yes,Yes,Yes,Yes,,,,,Y,2
Student 0073,Year 11,11 BMS,No,No,Yes,Yes,No,,,,,Y,1
Student 0074,Year 7,7 HGC,No,No,Yes,Yes,Yes,,,,,Y,1
Student 0075,Year 8,8 EMI/CGR,No,No,Yes,Yes,Yes,,,,,Y,1
Student 0076,Year 8,8 AST,No,No,No,No,No,,,,,,0
Student 0077,Year 8,8 AHE,No,No,No,No,No,,,,,,0
Student 0078,Year 7,7 ECH/SCO,No,No,No,No,No,,,,,,0
Student 0079,Year 11,11 AGN,No,No,No,No,No,,,,,,0
Student 0080,Year 8,8 EMI/CGR,No,Yes,Yes,Yes,Yes,,,,,Y,2
Student 0081,Year 10,10 RAS/SAW,No,No,Yes,Yes,Yes,,,,,Y,1
Student 0082,Year 10,10 LST,No,Yes,Yes,Yes,Yes,,,Monitoring,,Y,4
Student 0083,Year 10,10 SSO,No,No,No,No,No,,,,,,0
Student 0084,Year 7,7 JDA,No,No,No,No,No,,,,,,0
Student 0085,Year 8,8 MMP,No,Yes,No,No,No,,,,,Y,1
Student 0086,Year 9,9 JBU,No,No,No,No,No,,,,Yes,Y,1
Student 0087,Year 7,7 HGC,No,No,Yes,Yes,Yes,,,,,Y,1
Student 0088,Year 7,7 ECH/SCO,No,No,Yes,Yes,Yes,,,,,Y,1
Student 0089,Year 9,9 DWO,No,No,Yes,Yes,Yes,,,Early Help,Yes,Y,3
Student 0090,Year 8,8 LCP,No,No,Yes,Yes,Yes,,,,Yes,Y,2
Student 0091,Year 8,8 AHE,No,No,Yes,Yes,Yes,,,,,Y,1
Student 0092,Year 9,9 DWO,No,No,Yes,Yes,Yes,,,,,Y,1
Student 0093,Year 8,8 TMA,Yes,Yes,Yes,Yes,Yes,,,,,Y,3
Student 0094,Year 11,11 CPE,No,No,Yes,Yes,Yes,,Other/In Care,,,Y,2
Student 0095,Year 7,7 INS,No,Yes,No,No,No,,,,,Y,1
Student 0096,Year 11,11 CPE,No,No,Yes,Yes,Yes,,,,,Y,1
Student 0097,Year 8,8 MMP,No,Yes,Yes,Yes,Yes,,,,,Y,2
Student 0098,Year 8,8 CRO,No,Yes,Yes,Yes,Yes,,,,,Y,2
Student 0099,Year 10,10 SSO,No,Yes,Yes,Yes,Yes,,,,,Y,2
Student 0100,Year 10,10 JTR,No,Yes,Yes,Yes,Yes,,,,,Y,2
Student 0101,Year 9,9 DWO,No,No,Yes,Yes,Yes,,,,,Y,1
Student 0102,Year 9,9 EMC,No,Yes,Yes,Yes,Yes,,,,Yes,Y,3
Student 0103,Year 7,7 EGO,No,No,Yes,Yes,Yes,,,,,Y,1
Student 0104,Year 10,10 RAS/SAW,No,No,Yes,Yes,Yes,,,,,Y,1
Student 0105,Year 10,10 CKI,No,No,No,No,No,,,,Yes,Y,1
Student 0106,Year 8,8 AHE,No,No,Yes,Yes,Yes,,,,,Y,1
Student 0107,Year 9,KJO R-Bridge,No,Yes,Yes,Yes,Yes,,,,,Y,3
Student 0108,Year 11,11 LST,No,Yes,Yes,Yes,Yes,,,Child in need,,Y,4
Student 0109,Year 11,11 DYA,Yes,No,Yes,Yes,Yes,,,,,Y,2
Student 0110,Year 8,8 EMI/CGR,No,No,Yes,Yes,Yes,,,,,Y,1
Student 0111,Year 8,8 TMA,No,No,Yes,Yes,Yes,,,,,Y,1
Student 0112,Year 7,7 JCL,No,Yes,Yes,Yes,Yes,,,,,Y,2
Student 0113,Year 8,8 LST,No,Yes,Yes,Yes,Yes,,,Child protection plan,,Y,4
Student 0114,Year 11,11 BMS,No,No,No,No,No,,,,,,0
Student 0115,Year 8,8 TMA,No,No,No,No,No,,,,,,0
Student 0116,Year 8,8 AST,No,Yes,No,No,No,,,,,Y,1
Student 0117,Year 9,9 DWO,No,Yes,Yes,Yes,Yes,,,,Yes,Y,3
Student 0118,Year 9,9 JBU,No,No,No,No,No,,,,,,0
Student 0119,Year 11,11 ARE/LMA,No,No,No,No,No,,,,,,0
Student 0120,Year 9,9 DWO,No,No,No,No,No,,,,,,0
Student 0121,Year 11,11 SMU,No,No,No,No,No,,,,,,0
Student 0122,Year 7,7 HGC,No,No,No,No,No,,,,,,0
Student 0123,Year 9,9 CHG,No,No,No,No,No,,,,,,0
Student 0124,Year 11,11 AGN,No,No,No,No,No,,,,,,0
Student 0125,Year 8,8 MDS/TMW,No,No,No,No,No,,,,,,0
Student 0126,Year 10,10 DPH,No,Yes,Yes,Yes,Yes,,,,,Y,2
Student 0127,Year 10,10 JTR,No,No,Yes,Yes,Yes,,,,,Y,1
Student 0128,Year 10,10 JTR,No,Yes,Yes,Yes,Yes,,,,,Y,2
Student 0129,Year 11,11 SMU,No,Yes,Yes,Yes,Yes,,,,Yes,Y,3
Student 0130,Year 9,9 SSC,No,No,Yes,Yes,Yes,,,,,Y,1
Student 0131,Year 7,7 JDA,No,Yes,Yes,Yes,Yes,,,,,Y,2
Student 0132,Year 10,10 RHO,No,Yes,Yes,Yes,Yes,,,,,Y,2
Student 0133,Year 7,7 EGO,No,Yes,Yes,Yes,Yes,,Other/In Care,,,Y,3
Student 0134,Year 11,11 JNH,No,No,No,No,No,,,,,,0
Student 0135,Year 10,10 AME,No,Yes,Yes,Yes,Yes,,,,,Y,3
Student 0136,Year 7,7 PHL,No,Yes,No,No,No,,,,,Y,1
Student 0137,Year 11,11 CPE,No,Yes,Yes,Yes,Yes,,,,,Y,2
Student 0138,Year 10,10 JRE,No,Yes,Yes,Yes,Yes,,,,Yes,Y,3
Student 0139,Year 10,10 CKI,No,No,No,No,No,,,,Yes,Y,1
Student 0140,Year 10,10 LST,No,Yes,Yes,Yes,Yes,,,Child protection plan,,Y,4
Student 0141,Year 8,8 LST,No,Yes,Yes,Yes,Yes,,,Early Help,,Y,4
Student 0142,Year 10,10 LST,No,Yes,Yes,Yes,Yes,,,Child in need,,Y,4
Student 0143,Year 11,11 ARE/LMA,No,No,Yes,Yes,Yes,,,,,Y,1
Student 0144,Year 8,8 AHE,No,No,Yes,Yes,Yes,,,,,Y,1
Student 0145,Year 7,7 ECH/SCO,No,No,Yes,Yes,Yes,,,,,Y,1
Student 0146,Year 9,9 LJT,No,Yes,Yes,Yes,Yes,,,,,Y,2
Student 0147,Year 7,7 WAR/SAW,No,No,Yes,Yes,Yes,,,,,Y,1
Student 0148,Year 7,7 ECH/SCO,No,Yes,Yes,Yes,Yes,,,,,Y,2
Student 0149,Year 10,10 LST,No,Yes,No,No,No,,,Child in need,,Y,3
Student 0150,Year 8,8 LCP,No,No,No,No,No,,,,,,0
Student 0151,Year 8,8 AST,No,No,Yes,Yes,Yes,,,,,Y,1
Student 0152,Year 7,7 HGC,No,No,Yes,Yes,Yes,,,,,Y,1
Student 0153,Year 8,8 AST,No,No,Yes,Yes,Yes,,,,,Y,1
Student 0154,Year 9,9 BRK,No,No,No,No,No,,,,,,0
Student 0155,Year 7,7 EGO,No,Yes,Yes,Yes,Yes,,,,,Y,2
Student 0156,Year 10,10 JTR,No,No,Yes,Yes,Yes,,,,,Y,1
Student 0157,Year 7,7 INS,No,No,Yes,Yes,Yes,,,,,Y,1
Student 0158,Year 9,9 JDI,No,No,No,No,No,,,,Yes,Y,1
Student 0159,Year 7,7 ECH/SCO,No,No,Yes,Yes,Yes,,,,,Y,1
Student 0160,Year 10,10 CKI,No,No,Yes,Yes,Yes,,,,,Y,1
Student 0161,Year 10,10 LST,No,Yes,Yes,Yes,Yes,,,,,Y,3
Student 0162,Year 8,8 AHE,No,Yes,Yes,Yes,Yes,,,,,Y,2
Student 0163,Year 10,10 RAS/SAW,No,Yes,No,No,No,,,Early Help,,Y,2
Student 0164,Year 9,KJO R-Bridge,No,Yes,Yes,Yes,Yes,,,,,Y,3
Student 0165,Year 9,9 DWO,No,Yes,Yes,Yes,Yes,,,,,Y,2
Student 0166,Year 11,11 MFL,No,No,No,No,No,,,,,,0
Student 0167,Year 11,11 JNH,No,No,Yes,Yes,Yes,,,,Yes,Y,2
Student 0168,Year 8,8 LCP,No,No,Yes,Yes,Yes,,,,,Y,1
Student 0169,Year 7,7 WAR/SAW,No,Yes,No,No,No,,,,,Y,1
Student 0170,Year 10,10 LST,No,Yes,No,No,No,,,,,Y,2
Student 0171,Year 7,7 AYE,No,No,Yes,Yes,Yes,,,,,Y,1
Student 0172,Year 8,8 EMI/CGR,No,Yes,Yes,Yes,Yes,,,,,Y,2
Student 0173,Year 10,10 RHO,No,No,Yes,Yes,Yes,,,,,Y,1
Student 0174,Year 7,7 JDA,No,No,Yes,Yes,Yes,,,,,Y,1
Student 0175,Year 10,10 RAS/SAW,No,No,Yes,Yes,Yes,,,,,Y,1
Student 0176,Year 8,8 TMA,No,No,No,No,No,,,,,,0
Student 0177,Year 8,8 CRO,No,No,Yes,Yes,Yes,,,,,Y,1
Student 0178,Year 9,9 EMC,No,No,Yes,Yes,Yes,,,,Yes,Y,2
Student 0179,Year 9,9 SSC,No,Yes,No,No,No,,,,Yes,Y,2
Student 0180,Year 8,8 MDS/TMW,No,Yes,Yes,Yes,Yes,,,,,Y,2
Student 0181,Year 11,11 LST,No,Yes,Yes,Yes,Yes,,,Child protection plan,,Y,4
Student 0182,Year 10,10 LST,No,Yes,Yes,Yes,Yes,,,Child protection plan,,Y,4
Student 0183,Year 8,8 MDS/TMW,No,No,Yes,Yes,Yes,,,,,Y,1
Student 0184,Year 7,7 HGC,No,No,Yes,Yes,Yes,,,,,Y,1
Student 0185,Year 9,9 BRK,No,Yes,No,No,No,,,,,Y,1
Student 0186,Year 9,9 JBU,No,No,No,No,No,,,,,,0
Student 0187,Year 11,11 JNH,No,No,Yes,Yes,Yes,,,,,Y,1
Student 0188,Year 10,10 CKI,No,No,No,No,No,,,,,,0
Student 0189,Year 10,10 RAS/SAW,No,No,Yes,Yes,Yes,,,,,Y,1
Student 0190,Year 8,8 AST,No,Yes,Yes,Yes,Yes,,,,Yes,Y,3
Student 0191,Year 9,9 BRK,No,No,No,No,No,,,,,,0
Student 0192,Year 10,10 JRE,No,Yes,Yes,Yes,Yes,,,,Yes,Y,3
Student 0193,Year 10,10 DKI,No,Yes,No,No,No,,,,,Y,1
Student 0194,Year 7,7 ECH/SCO,No,No,Yes,Yes,Yes,,,,,Y,1
Student 0195,Year 11,11 MFL,No,Yes,No,No,No,,,,,Y,1
Student 0196,Year 11,11 AGN,No,Yes,Yes,Yes,Yes,,,,,Y,2
Student 0197,Year 8,8 LCP,No,No,Yes,Yes,Yes,,,,Yes,Y,2
Student 0198,Year 11,11 BMS,No,No,Yes,Yes,Yes,,,,,Y,1
Student 0199,Year 9,9 DWO,No,No,No,No,No,,,,,,0
Student 0200,Year 8,8 LST,No,Yes,Yes,Yes,Yes,,,,,Y,3
Student 0201,Year 8,8 AST,No,Yes,Yes,Yes,Yes,,,,,Y,2
Student 0202,Year 7,7 JCL,No,Yes,Yes,Yes,Yes,,,,,Y,2
Student 0203,Year 9,9 SSC,No,No,Yes,Yes,Yes,,,,,Y,1
Student 0204,Year 11,11 JNH,No,No,Yes,Yes,Yes,,,,,Y,1
Student 0205,Year 7,7 HGC,No,Yes,Yes,Yes,Yes,,,,,Y,2
Student 0206,Year 9,9 SSC,No,No,No,No,No,,,,Yes,Y,1
Student 0207,Year 10,10 RAS/SAW,No,No,No,No,No,,,,,,0
Student 0208,Year 10,10 SSO,No,No,Yes,Yes,Yes,,,,,Y,1
Student 0209,Year 9,9 EMC,No,Yes,Yes,Yes,Yes,,,Monitoring,,Y,3
Student 0210,Year 8,8 CRO,No,Yes,Yes,Yes,Yes,,,,,Y,2
Student 0211,Year 10,10 SSO,No,Yes,Yes,Yes,Yes,,With Parents (under the supervision of social services),,,Y,3
Student 0212,Year 7,7 ECH/SCO,No,No,Yes,Yes,No,Yes,,,,Y,2
Student 0213,Year 9,9 DWO,No,No,Yes,Yes,Yes,,,,Yes,Y,2
Student 0214,Year 10,10 RAS/SAW,No,Yes,Yes,Yes,Yes,,,,,Y,2
Student 0215,Year 9,9 JDI,No,No,No,No,No,,,,,,0
Student 0216,Year 11,11 AGN,No,No,No,No,No,,,,,,0
Student 0217,Year 10,10 DPH,No,No,Yes,Yes,Yes,,,,,Y,1
Student 0218,Year 9,9 SSC,No,No,Yes,Yes,Yes,,,,Yes,Y,2
Student 0219,Year 9,9 SSC,No,No,Yes,Yes,Yes,,,,,Y,1
Student 0220,Year 9,9 JDI,No,No,Yes,Yes,Yes,,,,,Y,1
Student 0221,Year 11,11 JNH,No,No,No,No,No,,,Child in need,Yes,Y,2
Student 0222,Year 11,11 SMU,No,Yes,Yes,Yes,Yes,,,,,Y,2
Student 0223,Year 11,11 MFL,No,Yes,No,No,No,,,,,Y,1
Student 0224,Year 7,7 JDA,No,No,Yes,Yes,Yes,,,,,Y,1
Student 0225,Year 9,9 JBU,No,No,No,No,No,,,,Yes,Y,1
Student 0226,Year 9,9 DWO,No,Yes,Yes,Yes,Yes,,,Child in need,,Y,3
Student 0227,Year 10,KJO R-Bridge,No,Yes,Yes,Yes,Yes,,,,Yes,Y,4
Student 0228,Year 11,11 SMU,Yes,No,Yes,Yes,Yes,,,,Yes,Y,3
Student 0229,Year 10,10 JTR,Yes,Yes,Yes,Yes,Yes,,,,,Y,3
Student 0230,Year 9,9 DWO,No,Yes,Yes,Yes,Yes,,,,,Y,2
Student 0231,Year 10,10 AME,No,Yes,Yes,Yes,Yes,,,,,Y,3
Student 0232,Year 9,9 CHG,No,No,Yes,Yes,Yes,,,,,Y,1
Student 0233,Year 8,8 CRO,No,No,No,No,No,,,,,,0
Student 0234,Year 8,8 EMI/CGR,No,No,No,No,No,,,,,,0
Student 0235,Year 8,8 CRO,No,No,No,No,No,,,,,,0
Student 0236,Year 10,10 RAS/SAW,No,No,No,No,No,,,,,,0
Student 0237,Year 8,8 CRO,No,No,No,No,No,,,,,,0
Student 0238,Year 7,7 AYE,No,Yes,Yes,Yes,Yes,,,,,Y,2
Student 0239,Year 10,10 RHO,No,No,Yes,Yes,Yes,,,,Yes,Y,2
Student 0240,Year 8,8 CRO,No,No,Yes,Yes,Yes,,,,,Y,1
Student 0241,Year 11,11 SMU,No,No,No,No,No,,,,Yes,Y,1
Student 0242,Year 10,10 LST,No,Yes,Yes,Yes,Yes,,,Early Help,,Y,4
Student 0243,Year 9,9 EMC,Yes,Yes,Yes,Yes,Yes,,,Child protection plan,Yes,Y,5
Student 0244,Year 11,11 MFL,Yes,No,Yes,Yes,Yes,,,Child protection plan,,Y,3
Student 0245,Year 10,10 CKI,No,No,No,No,No,,,,,,0
Student 0246,Year 8,8 EMI/CGR,No,No,Yes,Yes,Yes,,,,,Y,1
Student 0247,Year 11,11 JNH,No,No,No,No,No,,,,,,0
Student 0248,Year 10,10 SSO,No,No,No,No,No,,,,,,0
Student 0249,Year 9,9 SSC,No,No,No,No,No,,,,,,0
Student 0250,Year 7,7 PHL,No,No,No,No,No,,,,,,0
Student 0251,Year 8,8 LCP,No,Yes,Yes,Yes,Yes,,,,,Y,2
Student 0252,Year 9,9 LST,No,Yes,No,No,No,,,Monitoring,,Y,3
Student 0253,Year 11,11 JNH,No,No,No,No,No,,,,,,0
Student 0254,Year 10,10 LST,No,Yes,Yes,Yes,Yes,,Other/In Care,Child protection plan,,Y,5
Student 0255,Year 9,9 JBU,No,No,Yes,Yes,Yes,,,,,Y,1
Student 0256,Year 8,8 ABN,No,Yes,Yes,Yes,Yes,,,,,Y,2
Student 0257,Year 11,11 JNH,No,No,Yes,Yes,Yes,,,,,Y,1
Student 0258,Year 8,8 ABN,Yes,Yes,Yes,Yes,Yes,,,,,Y,3
Student 0259,Year 8,8 MDS/TMW,No,No,Yes,Yes,Yes,,,,Yes,Y,2
Student 0260,Year 11,11 SMU,No,Yes,Yes,Yes,Yes,,,,,Y,2
Student 0261,Year 11,11 AGN,No,No,Yes,Yes,Yes,,,,,Y,1
Student 0262,Year 7,7 HGC,No,Yes,Yes,Yes,Yes,,,,,Y,2
Student 0263,Year 7,7 JDA,No,Yes,Yes,Yes,Yes,,,Child in need,,Y,3
Student 0264,Year 11,11 DYA,No,No,No,No,No,,,,,,0
Student 0265,Year 8,8 ABN,No,No,Yes,Yes,Yes,,,,,Y,1
Student 0266,Year 9,9 DWO,No,Yes,Yes,Yes,Yes,Yes,,Child in need,,Y,4
Student 0267,Year 9,9 BRK,No,No,No,Yes,Yes,,,,,Y,0
Student 0268,Year 7,7 PHL,No,No,No,Yes,Yes,,,,,Y,0
Student 0269,Year 9,9 LJT,No,No,Yes,Yes,Yes,,,,,Y,1
Student 0270,Year 9,9 LJT,No,No,Yes,Yes,Yes,,,,,Y,1
Student 0271,Year 8,8 LST,No,Yes,Yes,Yes,Yes,,,,,Y,3
Student 0272,Year 11,11 CPE,No,Yes,Yes,Yes,Yes,,,,,Y,2
Student 0273,Year 9,9 LJT,No,No,Yes,Yes,Yes,,,,,Y,1
Student 0274,Year 10,10 DKI,No,No,Yes,Yes,Yes,,,,,Y,1
Student 0275,Year 9,9 BRK,Yes,No,Yes,Yes,Yes,,,,,Y,2
Student 0276,Year 11,11 LST,No,Yes,Yes,Yes,Yes,,,Child protection plan,,Y,4
Student 0277,Year 8,8 TMA,No,No,Yes,Yes,Yes,,,,,Y,1
Student 0278,Year 10,10 RHO,No,Yes,No,No,No,,,,,Y,1
Student 0279,Year 9,9 JDI,No,No,Yes,Yes,Yes,,,,,Y,1
Student 0280,Year 10,10 SSO,No,No,Yes,Yes,Yes,,,,Yes,Y,2
Student 0281,Year 11,11 LST,No,Yes,Yes,Yes,Yes,,,Monitoring,Yes,Y,5
Student 0282,Year 11,11 AGN,No,No,Yes,Yes,Yes,,,,,Y,1
Student 0283,Year 10,10 RHO,No,No,Yes,Yes,Yes,,,,,Y,1
Student 0284,Year 7,7 INS,No,No,Yes,Yes,Yes,,,,,Y,1
Student 0285,Year 9,9 JDI,No,No,Yes,Yes,Yes,,,,Yes,Y,2
Student 0286,Year 7,7 EGO and 7 JCL,No,Yes,Yes,Yes,Yes,Yes,,Child in need,,Y,4
Student 0287,Year 7,7 INS,No,No,No,No,No,,,,,,0
Student 0288,Year 9,9 SSC,No,No,Yes,Yes,Yes,,,,,Y,1
Student 0289,Year 11,11 AGN,No,No,No,No,No,,,,,,0
Student 0290,Year 10,10 RHO,No,No,Yes,Yes,Yes,,,,,Y,1
Student 0291,Year 11,11 LST,No,Yes,Yes,Yes,Yes,,,Child protection plan,,Y,4
Student 0292,Year 7,7 AYE,No,No,Yes,Yes,Yes,,,,,Y,1
Student 0293,Year 9,9 JBU,No,No,Yes,Yes,Yes,,,,,Y,1
Student 0294,Year 11,11 LST,No,Yes,Yes,Yes,Yes,,,,,Y,3
Student 0295,Year 8,8 AHE,No,No,No,No,No,,,,,,0
Student 0296,Year 11,11 ARE/LMA,No,No,No,No,No,,,,,,0
Student 0297,Year 11,11 LST,No,Yes,Yes,Yes,Yes,,,,Yes,Y,4
Student 0298,Year 8,8 LST,No,Yes,Yes,Yes,Yes,,,,,Y,3
Student 0299,Year 8,8 EMI/CGR,No,No,Yes,Yes,No,,,,,Y,1
Student 0300,Year 9,9 JDI,No,No,No,No,No,,,,Yes,Y,1
Student 0301,Year 11,11 DYA,No,No,No,No,No,,,,,,0
Student 0302,Year 7,7 EGO,No,No,No,No,No,,,,,,0
Student 0303,Year 10,KJO R-Bridge,No,Yes,No,No,No,,,Monitoring,Yes,Y,4
Student 0304,Year 9,9 JDI and 9 LJT,No,No,No,No,No,,,,,,0
Student 0305,Year 7,7 HGC,No,No,No,No,No,,,,,,0
Student 0306,Year 11,11 MFL and 11 DYA,No,No,Yes,Yes,Yes,,,,,Y,1
Student 0307,Year 10,10 RHO,No,No,No,No,No,,,,,,0
Student 0308,Year 8,8 MMP,No,Yes,Yes,Yes,No,,,,,Y,2
Student 0309,Year 7,7 EGO,No,No,No,No,No,,,,,,0
Student 0310,Year 10,10 DPH,No,No,No,No,No,,,,,,0
Student 0311,Year 10,10 CKI,Yes,No,No,No,No,,,,,,1
Student 0312,Year 8,8 AME,No,Yes,Yes,Yes,Yes,,,Monitoring,,Y,4
Student 0313,Year 9,9 BRK,No,No,No,No,No,,,,,,0
Student 0314,Year 10,10 DPH,No,No,Yes,Yes,Yes,,,,,Y,1
Student 0315,Year 8,8 MMP,No,No,No,No,No,,,,,,0
Student 0316,Year 11,KJO R-Bridge,No,No,Yes,Yes,Yes,,,,Yes,Y,3
Student 0317,Year 8,8 TMA,No,No,Yes,Yes,Yes,,,,Yes,Y,2
Student 0318,Year 9,9 JBU,No,Yes,Yes,Yes,Yes,,,,,Y,2
Student 0319,Year 10,10 DPH,No,No,Yes,Yes,Yes,,,,,Y,1
Student 0320,Year 8,8 MDS/TMW,No,No,No,No,No,,,,,,0
Student 0321,Year 10,10 DPH,No,No,No,No,No,,,,,,0
Student 0322,Year 8,8 AHE,No,No,Yes,Yes,Yes,,,,,Y,1
Student 0323,Year 11,11 MFL,No,No,Yes,Yes,Yes,,,,Yes,Y,2
Student 0324,Year 11,KJO R-Bridge,No,Yes,Yes,Yes,Yes,Yes,With Parents (under the supervision of social services),,,Y,5
Student 0325,Year 7,7 JDA,No,No,No,No,No,,,,,,0
Student 0326,Year 10,10 RAS/SAW,No,No,Yes,Yes,Yes,,,,,Y,1
Student 0327,Year 7,7 JCL,No,Yes,No,No,No,,,,,Y,1
Student 0328,Year 8,8 AST,No,No,No,No,No,,,,Yes,Y,1
Student 0329,Year 11,11 JNH,No,No,No,No,No,,,,,,0
Student 0330,Year 10,10 SSO,No,No,Yes,Yes,Yes,,,,,Y,1
Student 0331,Year 10,10 DKI,No,No,Yes,Yes,No,,,,,Y,1
Student 0332,Year 7,7 JDA,No,No,Yes,Yes,Yes,,,,,Y,1
Student 0333,Year 10,10 SSO,No,No,Yes,Yes,Yes,,,,,Y,1
Student 0334,Year 9,9 LJT,Yes,No,Yes,Yes,Yes,,,,,Y,2
Student 0335,Year 9,9 CHG,No,No,Yes,Yes,Yes,,,,Yes,Y,2
Student 0336,Year 7,7 JDA,No,No,Yes,Yes,Yes,,,,,Y,1
Student 0337,Year 10,10 CKI,No,No,Yes,Yes,Yes,,,,,Y,1
Student 0338,Year 11,11 BMS,No,No,Yes,Yes,Yes,,,,,Y,1
Student 0339,Year 9,9 JDI,Yes,No,No,No,No,,,,,,1
Student 0340,Year 8,8 MDS/TMW,No,No,Yes,Yes,Yes,,,,Yes,Y,2
Student 0341,Year 8,8 MDS/TMW,No,No,Yes,Yes,Yes,,,,,Y,1
Student 0342,Year 7,7 JDA,No,Yes,Yes,Yes,Yes,,,,,Y,2
Student 0343,Year 10,10 JTR,No,No,No,No,No,,,,,,0
Student 0344,Year 10,10 AME,No,Yes,Yes,Yes,Yes,,,,,Y,3
Student 0345,Year 10,10 SSO,No,Yes,Yes,Yes,Yes,,,Monitoring,Yes,Y,4
Student 0346,Year 8,8 AHE,No,No,No,No,No,,,,,,0
Student 0347,Year 10,10 DKI,No,No,Yes,Yes,Yes,Yes,Fostered,,,Y,3
Student 0348,Year 10,10 DPH,No,No,No,No,No,,,,Yes,Y,1
Student 0349,Year 8,8 CRO,No,No,Yes,Yes,Yes,,,,,Y,1
Student 0350,Year 11,11 DYA,No,No,Yes,Yes,Yes,,,,,Y,1
Student 0351,Year 8,8 EMI/CGR,Yes,No,Yes,Yes,Yes,,,,Yes,Y,3
Student 0352,Year 11,11 LST,No,Yes,Yes,Yes,Yes,,,Monitoring,,Y,4
Student 0353,Year 10,10 DPH,No,No,No,No,No,,,,,,0
Student 0354,Year 10,10 RAS/SAW,No,No,No,No,No,,,,,,0
Student 0355,Year 8,8 MDS/TMW,No,No,Yes,Yes,Yes,,,,,Y,1
Student 0356,Year 7,7 JCL,No,No,Yes,Yes,Yes,,,,,Y,1
Student 0357,Year 9,9 EMC,No,Yes,Yes,Yes,Yes,,,,Yes,Y,3
Student 0358,Year 11,11 DYA,No,Yes,Yes,Yes,Yes,,,,,Y,2
Student 0359,Year 7,7 INS,No,No,No,No,No,,,,,,0
Student 0360,Year 8,8 MMP,No,Yes,Yes,Yes,Yes,,,Monitoring,,Y,3
Student 0361,Year 11,11 SMU,No,No,Yes,Yes,Yes,,,,,Y,1
Student 0362,Year 8,8 ABN,No,No,Yes,Yes,Yes,,,,,Y,1
Student 0363,Year 10,10 DKI,No,No,No,No,No,,,,,,0
Student 0364,Year 9,9 JDI,No,Yes,Yes,Yes,No,,,Monitoring,,Y,3
Student 0365,Year 11,11 BMS and KJO R-Bridge,No,No,Yes,Yes,No,,,Monitoring,Yes,Y,4
Student 0366,Year 10,10 LST,No,Yes,Yes,Yes,Yes,,,Early Help,,Y,4
Student 0367,Year 8,8 ABN,No,No,No,No,No,,,,,,0
Student 0368,Year 8,8 AST,No,No,Yes,Yes,Yes,,,,Yes,Y,2
Student 0369,Year 9,9 JDI,No,No,Yes,Yes,No,,,,,Y,1
Student 0370,Year 10,10 LST,No,Yes,No,No,No,,,Early Help,,Y,3
Student 0371,Year 7,7 INS,No,Yes,No,No,No,,,,,Y,1
Student 0372,Year 11,11 DYA,Yes,No,Yes,Yes,Yes,,,,,Y,2
Student 0373,Year 7,7 HGC,No,No,Yes,Yes,No,,,,,Y,1
Student 0374,Year 7,7 INS and 7 PHL,No,No,No,No,No,,,,,,0
Student 0375,Year 11,11 AGN,No,No,Yes,Yes,Yes,,,,Yes,Y,2
Student 0376,Year 10,10 RAS/SAW,No,No,No,No,No,,,,,,0
Student 0377,Year 11,11 ARE/LMA,No,No,No,No,No,,,,,,0
Student 0378,Year 9,9 JDI,No,Yes,Yes,Yes,Yes,,,,,Y,2
Student 0379,Year 8,8 LCP,No,No,No,No,No,,,,,,0
Student 0380,Year 9,9 LST and 9 CHG,No,Yes,Yes,Yes,Yes,,,Child in need,Yes,Y,5
Student 0381,Year 11,11 CPE,No,Yes,Yes,Yes,Yes,,,Early Help,Yes,Y,4
Student 0382,Year 11,11 DYA,No,Yes,Yes,Yes,Yes,,,,Yes,Y,3
Student 0383,Year 9,9 LJT,No,Yes,Yes,Yes,Yes,,,,,Y,2
Student 0384,Year 7,7 PHL,No,No,Yes,Yes,Yes,,,,,Y,1
Student 0385,Year 11,11 MFL,No,No,No,No,No,,,,,,0
Student 0386,Year 7,7 ECH/SCO,No,No,Yes,Yes,Yes,,,,,Y,1
Student 0387,Year 9,9 SSC,No,No,No,No,No,,,,,,0
Student 0388,Year 10,10 CKI,No,No,No,No,No,,,,,,0
Student 0389,Year 7,7 PHL,No,Yes,Yes,Yes,Yes,,,,,Y,2
Student 0390,Year 7,7 HGC,No,No,No,No,No,,,,,,0
Student 0391,Year 11,11 DYA,No,No,No,No,No,,,,,,0
Student 0392,Year 9,9 SSC,No,No,No,No,No,,,,,,0
Student 0393,Year 7,7 EGO,No,No,No,No,No,,,,,,0
Student 0394,Year 9,9 SSC,No,No,No,No,No,,,,Yes,Y,1
Student 0395,Year 9,9 JBU and 9 CHG,No,Yes,Yes,Yes,Yes,,,,,Y,2
Student 0396,Year 8,8 AST,No,Yes,Yes,Yes,Yes,,,,,Y,2
Student 0397,Year 7,7 WAR/SAW,No,No,Yes,Yes,Yes,,,,,Y,1
Student 0398,Year 9,9 BRK,Yes,Yes,Yes,Yes,Yes,,,,Yes,Y,4
Student 0399,Year 7,7 INS,No,No,Yes,Yes,Yes,,,,,Y,1
Student 0400,Year 7,7 JDA,No,No,No,No,Yes,,,,,Y,0
Student 0401,Year 7,7 EGO,No,No,No,No,No,,,,,,0
Student 0402,Year 10,10 JTR,No,No,No,No,No,,,,Yes,Y,1
Student 0403,Year 9,9 JDI,No,No,Yes,Yes,Yes,,,,Yes,Y,2
Student 0404,Year 8,8 TMA,No,No,Yes,Yes,Yes,,,,,Y,1
Student 0405,Year 9,9 DWO,No,No,No,No,No,,,,Yes,Y,1
Student 0406,Year 9,9 JBU,No,No,No,No,No,,,,,,0
Student 0407,Year 8,8 CRO,No,No,No,No,No,,,,,,0
Student 0408,Year 9,9 BRK,No,No,No,No,No,,,,Yes,Y,1
Student 0409,Year 11,11 ARE/LMA,No,No,Yes,Yes,Yes,,,,,Y,1
Student 0410,Year 8,8 CRO,No,No,No,No,No,,,,,,0
Student 0411,Year 11,11 MFL,No,No,No,No,No,,,,,,0
Student 0412,Year 9,9 LJT,No,No,No,No,No,,,,,,0
Student 0413,Year 7,7 ECH/SCO,No,Yes,No,No,No,,,,,Y,1
Student 0414,Year 10,10 CKI,No,Yes,No,No,No,,,,,Y,1
Student 0415,Year 10,10 RHO,No,No,No,No,No,,,,,,0
Student 0416,Year 7,7 EGO,No,Yes,Yes,Yes,Yes,,,,,Y,2
Student 0417,Year 9,9 SSC,No,No,No,No,No,,,,,,0
Student 0418,Year 11,11 MFL,No,Yes,Yes,Yes,Yes,,,,Yes,Y,3
Student 0419,Year 11,11 AGN,No,Yes,Yes,Yes,Yes,,,,Yes,Y,3
Student 0420,Year 7,7 PHL,No,No,No,No,No,,,,,,0
Student 0421,Year 9,9 SSC,Yes,No,Yes,Yes,Yes,,,Child in need,Yes,Y,4
Student 0422,Year 11,11 DYA,No,No,No,No,No,,,,,,0
Student 0423,Year 9,9 LJT,No,No,Yes,Yes,Yes,,,,,Y,1
Student 0424,Year 7,7 EGO,No,Yes,Yes,Yes,Yes,,,,,Y,2
Student 0425,Year 8,8 TMA,No,Yes,Yes,Yes,Yes,,,,,Y,2
Student 0426,Year 10,10 JTR,No,No,Yes,Yes,Yes,,,,,Y,1
Student 0427,Year 10,10 RHO,No,No,No,No,No,,,,,,0
Student 0428,Year 7,7 JDA,No,No,No,No,No,,,,,,0
Student 0429,Year 7,7 PHL,No,No,No,No,No,,,,,,0
Student 0430,Year 8,8 CRO,No,No,Yes,Yes,Yes,,Fostered,Monitoring,,Y,3
Student 0431,Year 8,8 AST,No,Yes,Yes,Yes,Yes,,,,,Y,2
Student 0432,Year 7,7 EGO,No,Yes,Yes,Yes,Yes,,,,,Y,2
Student 0433,Year 10,10 LST,No,Yes,Yes,Yes,Yes,,,,,Y,3
Student 0434,Year 10,10 DKI,No,No,No,No,No,,,,Yes,Y,1
Student 0435,Year 7,7 JCL,No,No,Yes,Yes,Yes,,,,,Y,1
Student 0436,Year 7,7 PHL,No,No,No,No,No,,,,,,0
Student 0437,Year 7,7 ECH/SCO,No,No,No,No,No,,,,,,0
Student 0438,Year 8,8 ABN,No,No,Yes,Yes,Yes,,,,,Y,1
Student 0439,Year 10,10 DKI,No,No,Yes,Yes,Yes,,,,Yes,Y,2
Student 0440,Year 7,7 PHL,No,No,Yes,Yes,Yes,,,,,Y,1
Student 0441,Year 11,11 JNH,No,No,Yes,Yes,Yes,,,,Yes,Y,2
Student 0442,Year 7,7 ECH/SCO,No,No,No,No,No,,,,,,0
Student 0443,Year 10,10 RHO,No,No,No,No,No,,,,,,0
Student 0444,Year 8,8 LCP,No,Yes,No,No,No,,,,,Y,1
Student 0445,Year 9,9 CHG,No,No,No,No,No,,,,,,0
Student 0446,Year 9,9 SSC,No,No,Yes,Yes,Yes,,,,,Y,1
Student 0447,Year 9,9 JDI,No,No,Yes,Yes,Yes,,,,Yes,Y,2
Student 0448,Year 8,8 ABN,No,No,No,No,No,,,,,,0
Student 0449,Year 9,9 CHG,No,No,No,No,No,,,,,,0
Student 0450,Year 8,8 LST,No,Yes,Yes,Yes,Yes,,,Early Help,,Y,4
Student 0451,Year 8,8 MMP,No,Yes,Yes,Yes,Yes,,,,,Y,2
Student 0452,Year 7,7 JCL and 7 LST,No,No,Yes,Yes,Yes,,,Child protection plan,,Y,3
Student 0453,Year 8,8 CRO,No,Yes,Yes,Yes,Yes,,,,,Y,2
Student 0454,Year 11,11 AGN,No,Yes,Yes,Yes,Yes,,,,,Y,2
Student 0455,Year 8,8 CRO,No,No,No,No,No,,,,,,0
Student 0456,Year 11,KJO R-Bridge,No,Yes,Yes,Yes,Yes,,,Monitoring,,Y,4
Student 0457,Year 9,9 CHG,No,No,No,No,No,,,,Yes,Y,1
Student 0458,Year 7,7 HGC,No,No,Yes,Yes,Yes,,,,,Y,1
Student 0459,Year 11,11 LST,No,Yes,Yes,Yes,Yes,,,Child protection plan,,Y,4
Student 0460,Year 7,7 JDA,No,No,No,No,No,,,,,,0
Student 0461,Year 10,10 JTR,No,Yes,No,No,No,,,,,Y,1
Student 0462,Year 8,8 ABN,No,Yes,No,No,No,,,,Yes,Y,2
Student 0463,Year 7,7 INS,No,No,No,No,No,,,Child protection plan,,Y,1
Student 0464,Year 9,9 BRK,Yes,No,No,No,No,,,,,,1
Student 0465,Year 10,10 RAS/SAW,No,No,Yes,Yes,Yes,,,,,Y,1
Student 0466,Year 11,11 ARE/LMA,No,No,Yes,Yes,Yes,,,,,Y,1
Student 0467,Year 7,7 PHL,No,No,Yes,Yes,Yes,,,,,Y,1
Student 0468,Year 8,8 AHE,No,No,No,No,No,,,,,,0
Student 0469,Year 10,10 RAS/SAW,No,No,No,No,No,,,,Yes,Y,1
Student 0470,Year 7,7 JCL,No,Yes,No,No,No,,,,,Y,1
Student 0471,Year 9,9 SSC,No,No,Yes,Yes,Yes,,,,,Y,1
Student 0472,Year 10,10 DPH,No,No,No,No,No,,,,,,0
Student 0473,Year 9,9 DWO,No,No,Yes,Yes,Yes,,,Monitoring,Yes,Y,3
Student 0474,Year 10,10 DKI,No,No,No,No,No,,,,Yes,Y,1
Student 0475,Year 11,11 JNH,No,No,No,No,No,,,,Yes,Y,1
Student 0476,Year 8,8 MDS/TMW,No,No,No,No,No,,,,,,0
Student 0477,Year 9,9 EMC,No,Yes,Yes,Yes,Yes,,,,,Y,2
Student 0478,Year 7,7 JCL,No,Yes,Yes,Yes,Yes,,Other/In Care,,,Y,3
Student 0479,Year 9,9 AME,No,Yes,No,No,No,Yes,,,,Y,3
Student 0480,Year 8,8 EMI/CGR,No,No,Yes,Yes,Yes,,,,,Y,1
Student 0481,Year 8,8 TMA,Yes,Yes,Yes,Yes,Yes,,,,Yes,Y,4
Student 0482,Year 7,7 JCL,No,Yes,Yes,Yes,Yes,,,,,Y,2
Student 0483,Year 9,9 LJT,No,No,Yes,Yes,Yes,,,,,Y,1
Student 0484,Year 11,11 DYA and 11 JNH,No,No,No,No,No,,,,,,0
Student 0485,Year 9,9 LJT,No,No,Yes,Yes,Yes,,,,,Y,1
Student 0486,Year 10,10 CKI,No,No,Yes,Yes,Yes,,,,,Y,1
Student 0487,Year 8,8 ABN,No,No,No,No,No,,,,,,0
Student 0488,Year 7,7 AYE,No,No,No,No,No,,,,,,0
Student 0489,Year 9,9 LJT,No,No,Yes,Yes,Yes,,,,,Y,1
Student 0490,Year 7,7 INS,No,No,Yes,Yes,Yes,,,,,Y,1
Student 0491,Year 9,9 JBU,No,Yes,No,No,No,,,,,Y,1
Student 0492,Year 7,7 EGO,No,No,Yes,Yes,Yes,,,,,Y,1
Student 0493,Year 9,9 SSC,No,No,No,No,No,,,,,,0
Student 0494,Year 8,8 EMI/CGR,No,No,No,No,No,,,,,,0
Student 0495,Year 7,7 ECH/SCO,No,No,Yes,Yes,Yes,,,,,Y,1
Student 0496,Year 8,8 LCP,No,No,Yes,Yes,Yes,,,,Yes,Y,2
Student 0497,Year 8,8 ABN,No,No,Yes,Yes,Yes,,,,,Y,1
Student 0498,Year 7,7 PHL,No,No,No,No,No,,,,,,0
Student 0499,Year 9,9 DWO,No,No,Yes,Yes,Yes,,,,Yes,Y,2
Student 0500,Year 7,7 WAR/SAW,No,No,No,No,No,,,,,,0
Student 0501,Year 11,11 SMU,No,No,No,No,No,,,,,,0
Student 0502,Year 11,11 SMU,No,No,No,No,No,,,,,,0
Student 0503,Year 9,9 EMC,No,Yes,No,No,Yes,,,Early Help,Yes,Y,3
Student 0504,Year 11,11 DYA,No,No,No,No,No,,,,,,0
Student 0505,Year 7,7 AYE,No,No,No,No,No,,,,,,0
Student 0506,Year 9,9 CHG,No,Yes,Yes,Yes,Yes,,,,,Y,2
Student 0507,Year 7,7 HGC,No,No,Yes,Yes,Yes,,,,,Y,1
Student 0508,Year 10,10 RHO,No,No,Yes,Yes,Yes,,,,Yes,Y,2
Student 0509,Year 11,11 CPE,No,Yes,Yes,Yes,Yes,,,,Yes,Y,3
Student 0510,Year 11,11 ARE/LMA,No,No,Yes,Yes,Yes,,,,,Y,1
Student 0511,Year 8,8 AHE,No,No,No,No,No,,,,,,0
Student 0512,Year 7,7 PHL,No,No,Yes,Yes,Yes,,,,,Y,1
Student 0513,Year 9,9 CHG,No,Yes,Yes,Yes,Yes,,,,,Y,2
Student 0514,Year 7,7 JDA,No,No,Yes,Yes,Yes,,,,,Y,1
Student 0515,Year 8,8 ABN,No,No,Yes,Yes,Yes,,,,,Y,1
Student 0516,Year 8,8 MDS/TMW,No,No,Yes,Yes,Yes,,,,,Y,1
Student 0517,Year 11,11 MFL,No,No,Yes,Yes,Yes,,,,,Y,1
Student 0518,Year 10,KJO R-Bridge,No,No,Yes,Yes,Yes,,,,,Y,2
Student 0519,Year 11,11 SMU,No,Yes,Yes,Yes,Yes,,,,Yes,Y,3
Student 0520,Year 11,11 DYA and 11 CPE,Yes,No,Yes,Yes,Yes,,,,Yes,Y,3
Student 0521,Year 7,7 HGC,No,No,No,No,No,,,,,,0
Student 0522,Year 11,11 ARE/LMA,No,No,No,No,No,,,,,,0
Student 0523,Year 10,10 CKI,No,No,No,No,No,,,,,,0
Student 0524,Year 10,10 JRE,No,No,No,No,No,,,,,,0
Student 0525,Year 7,7 JDA,No,Yes,Yes,Yes,Yes,,,,,Y,2
Student 0526,Year 8,8 ABN,No,No,No,No,No,,,,Yes,Y,1
Student 0527,Year 7,7 INS,No,No,Yes,Yes,Yes,,,,,Y,1
Student 0528,Year 11,11 SMU,Yes,No,Yes,Yes,Yes,,,,Yes,Y,3
Student 0529,Year 8,8 MMP,No,Yes,Yes,Yes,Yes,,,,,Y,2
Student 0530,Year 11,11 MFL,No,No,No,No,No,,,,,,0
Student 0531,Year 8,8 MMP,No,Yes,Yes,Yes,Yes,,,,Yes,Y,3
Student 0532,Year 7,7 JDA,No,No,Yes,Yes,Yes,,,,,Y,1
Student 0533,Year 8,8 MDS/TMW,No,No,Yes,Yes,Yes,,,,,Y,1
Student 0534,Year 11,11 SMU,No,No,Yes,Yes,Yes,,,,,Y,1
Student 0535,Year 8,8 AHE,No,No,Yes,Yes,Yes,,,,,Y,1
Student 0536,Year 7,7 PHL,No,No,No,No,No,,,,,,0
Student 0537,Year 8,8 TMA,No,Yes,Yes,Yes,No,,,,,Y,2
Student 0538,Year 10,10 DPH,No,No,No,No,No,,,,,,0
Student 0539,Year 9,9 BRK,No,No,Yes,Yes,Yes,,Other/In Care,,,Y,2
Student 0540,Year 10,10 SSO,No,No,Yes,Yes,Yes,,,,Yes,Y,2
Student 0541,Year 9,9 SSC,No,No,No,No,No,,,,,,0
Student 0542,Year 10,10 LST,No,Yes,Yes,Yes,Yes,,,Monitoring,,Y,4
Student 0543,Year 9,9 JDI,No,Yes,Yes,Yes,Yes,,,,,Y,2
Student 0544,Year 11,11 JNH,No,No,No,No,No,,,,,,0
Student 0545,Year 9,9 EMC,No,Yes,Yes,Yes,Yes,,,Child in need,,Y,3
Student 0546,Year 9,9 CHG,No,No,No,No,No,,,,,,0
Student 0547,Year 7,7 EGO,No,No,Yes,Yes,Yes,,,Child in need,,Y,2
Student 0548,Year 10,10 SSO,No,No,No,No,No,,,,,,0
Student 0549,Year 7,7 AYE,No,Yes,No,No,No,,,,,Y,1
Student 0550,Year 9,9 LJT,No,No,Yes,Yes,Yes,,,,,Y,1
Student 0551,Year 8,8 CRO,No,No,Yes,Yes,Yes,,,,,Y,1
Student 0552,Year 9,9 LST,No,Yes,Yes,Yes,No,,,,,Y,3
Student 0553,Year 7,7 HGC,No,No,Yes,Yes,Yes,,,,,Y,1
Student 0554,Year 7,7 PHL,No,No,No,No,No,,,,,,0
Student 0555,Year 8,8 EMI/CGR,No,No,No,No,No,,,,,,0
Student 0556,Year 8,8 ABN,No,No,No,No,No,,,,,,0
Student 0557,Year 8,8 TMA,No,No,No,No,No,,,,,,0
Student 0558,Year 8,8 AST,No,Yes,Yes,Yes,Yes,,,,,Y,2
Student 0559,Year 11,11 SMU,No,Yes,Yes,Yes,Yes,,,,,Y,2
Student 0560,Year 10,KJO R-Bridge,No,Yes,No,No,No,,,,,Y,2
Student 0561,Year 7,7 EGO,No,No,No,No,No,,,,,,0
Student 0562,Year 8,8 TMA,No,No,Yes,Yes,Yes,,,,,Y,1
Student 0563,Year 7,7 INS,No,Yes,No,No,No,,,,,Y,1
Student 0564,Year 9,9 EMC,No,Yes,No,No,No,,,,,Y,1
Student 0565,Year 9,9 JDI,No,No,Yes,Yes,Yes,,,,Yes,Y,2
Student 0566,Year 9,9 BRK,No,Yes,Yes,Yes,No,,,,Yes,Y,3
Student 0567,Year 7,7 HGC,No,No,No,No,No,,,,,,0
Student 0568,Year 8,8 LCP,Yes,No,Yes,Yes,No,,,Monitoring,,Y,3
Student 0569,Year 10,10 LST,No,Yes,Yes,Yes,Yes,,,Monitoring,,Y,4
Student 0570,Year 11,11 SMU and 11 DYA,No,No,No,No,No,,,,Yes,Y,1
Student 0571,Year 9,9 BRK,No,No,No,No,No,,,,,,0
Student 0572,Year 10,10 LST,No,Yes,Yes,Yes,Yes,,,Child protection plan,,Y,4
Student 0573,Year 9,9 LJT,No,Yes,Yes,Yes,Yes,,,Child protection plan,,Y,3
Student 0574,Year 10,10 RAS/SAW,No,No,Yes,Yes,Yes,,,,,Y,1
Student 0575,Year 9,9 BRK,No,No,Yes,Yes,Yes,,,,,Y,1
Student 0576,Year 11,11 SMU,No,No,No,No,No,,,,,,0
Student 0577,Year 10,10 DKI,No,No,No,No,No,,,,,,0
Student 0578,Year 7,7 JDA,No,No,No,No,No,,,,,,0
Student 0579,Year 11,11 AGN,No,No,Yes,Yes,Yes,,,,,Y,1
Student 0580,Year 8,8 MDS/TMW,No,No,Yes,Yes,Yes,,,,Yes,Y,2
Student 0581,Year 10,10 LST,No,Yes,No,No,No,,,,,Y,2
Student 0582,Year 8,8 AME,No,Yes,No,No,No,,,,,Y,2
Student 0583,Year 9,9 BRK,No,Yes,No,Yes,Yes,Yes,Adopted from care inside England or Wales,,Yes,Y,4
Student 0584,Year 8,8 CRO,No,No,Yes,Yes,Yes,,,,Yes,Y,2
Student 0585,Year 7,7 ECH/SCO,No,No,No,No,No,,,,,,0
Student 0586,Year 11,11 DYA,No,No,Yes,Yes,Yes,,,,,Y,1
Student 0587,Year 8,8 ABN,No,No,Yes,Yes,Yes,,,Monitoring,,Y,2
Student 0588,Year 9,KJO R-Bridge,No,Yes,Yes,Yes,Yes,,,,Yes,Y,4
Student 0589,Year 7,7 JCL,No,Yes,Yes,Yes,Yes,,,,,Y,2
Student 0590,Year 9,9 DWO,No,No,Yes,Yes,Yes,,,,,Y,1
Student 0591,Year 7,7 JCL,No,Yes,Yes,Yes,No,,,,,Y,2
Student 0592,Year 8,8 CRO,No,No,No,No,No,,,,,,0
Student 0593,Year 9,9 LJT,No,No,Yes,Yes,Yes,,,,,Y,1
Student 0594,Year 9,9 BRK,No,Yes,Yes,Yes,Yes,,,,,Y,2
Student 0595,Year 7,7 AYE,No,No,Yes,Yes,Yes,,,,,Y,1
Student 0596,Year 11,11 BMS,No,Yes,Yes,Yes,Yes,,,,,Y,2
Student 0597,Year 10,10 JTR,Yes,Yes,Yes,Yes,Yes,,,Child in need,,Y,4
Student 0598,Year 8,8 AHE,No,No,No,No,No,,,,,,0
Student 0599,Year 8,8 LCP,No,No,Yes,Yes,Yes,Yes,Left care through child arrangement order (CAO),,,Y,3
Student 0600,Year 8,8 CRO,No,No,No,No,No,,,,,,0
Student 0601,Year 7,7 WAR/SAW,No,No,No,No,No,,,,,,0
Student 0602,Year 7,7 JDA,No,No,Yes,Yes,Yes,,,,,Y,1
Student 0603,Year 10,10 LST,No,Yes,Yes,Yes,Yes,,,Early Help,,Y,4
Student 0604,Year 7,7 HGC,No,No,No,No,No,,,,,,0
Student 0605,Year 7,7 EGO,No,No,No,No,No,,,,,,0
Student 0606,Year 8,8 AME,No,Yes,Yes,Yes,Yes,,,,,Y,3
Student 0607,Year 8,8 CRO,No,No,No,No,No,,,,Yes,Y,1
Student 0608,Year 10,10 AME,No,Yes,Yes,Yes,Yes,,,,,Y,3
Student 0609,Year 8,8 MDS/TMW,No,Yes,Yes,Yes,Yes,,,,,Y,2
Student 0610,Year 10,10 DPH,Yes,No,Yes,Yes,Yes,,,,,Y,2
Student 0611,Year 10,10 DPH,No,No,No,No,No,,,,,,0
Student 0612,Year 7,7 JCL,No,Yes,No,No,No,,,,,Y,1
Student 0613,Year 9,9 JDI,No,No,Yes,Yes,Yes,,,,,Y,1
Student 0614,Year 8,8 TMA,No,No,Yes,Yes,Yes,,,,,Y,1
Student 0615,Year 11,11 BMS,No,No,Yes,Yes,Yes,,,,,Y,1
Student 0616,Year 10,KJO R-Bridge,No,Yes,Yes,Yes,Yes,,,Monitoring,Yes,Y,5
Student 0617,Year 11,11 JNH,No,Yes,Yes,Yes,Yes,Yes,,Monitoring,,Y,4
Student 0618,Year 7,7 WAR/SAW,No,No,Yes,Yes,Yes,,,,,Y,1
Student 0619,Year 11,11 MFL,No,Yes,Yes,Yes,Yes,,,,Yes,Y,3
Student 0620,Year 11,11 AGN,No,No,No,No,No,,,,,,0
Student 0621,Year 9,9 LST,No,Yes,No,No,No,,,,Yes,Y,3
Student 0622,Year 10,10 RAS/SAW,No,No,No,No,No,,,,,,0
Student 0623,Year 10,10 CKI,No,Yes,Yes,Yes,Yes,,,,Yes,Y,3
Student 0624,Year 9,9 CHG,No,No,Yes,Yes,Yes,,,,Yes,Y,2
Student 0625,Year 7,7 AYE,No,Yes,Yes,Yes,Yes,,,Monitoring,,Y,3
Student 0626,Year 10,10 CKI,No,No,Yes,Yes,Yes,,,,Yes,Y,2
Student 0627,Year 9,KJO R-Bridge,Yes,Yes,Yes,Yes,Yes,,,Monitoring,,Y,5
Student 0628,Year 11,11 JNH and 11 AGN,No,Yes,Yes,Yes,Yes,,,Monitoring,Yes,Y,4
Student 0629,Year 9,9 LJT and 9 LST,No,Yes,Yes,Yes,Yes,,,Monitoring,,Y,4
Student 0630,Year 7,7 WAR/SAW,No,Yes,Yes,Yes,Yes,,,,,Y,2
Student 0631,Year 9,9 EMC,No,No,Yes,Yes,Yes,,,Early Help,Yes,Y,3
Student 0632,Year 8,8 CRO,No,Yes,No,No,No,,,,,Y,1
Student 0633,Year 11,11 SMU,No,Yes,No,No,No,,,,Yes,Y,2
Student 0634,Year 11,11 LST,No,Yes,Yes,Yes,Yes,,,Early Help,,Y,4
Student 0635,Year 10,10 LST,No,Yes,Yes,Yes,Yes,,,Early Help,,Y,4
Student 0636,Year 11,KJO R-Bridge,No,Yes,Yes,Yes,Yes,,Other/In Care,,Yes,Y,5
Student 0637,Year 7,7 INS,No,No,No,No,No,,,,,,0
Student 0638,Year 9,9 CHG,No,No,Yes,Yes,Yes,,,Monitoring,,Y,2
Student 0639,Year 10,10 RAS/SAW,No,No,No,No,No,,,,,,0
Student 0640,Year 10,10 SSO,No,No,Yes,Yes,No,,,,,Y,1
Student 0641,Year 7,7 HGC,No,Yes,Yes,Yes,Yes,,,,,Y,2
Student 0642,Year 10,10 JTR,No,No,No,No,No,,,,,,0
Student 0643,Year 8,8 TMA,No,No,Yes,Yes,Yes,,,,,Y,1
Student 0644,Year 7,7 HGC,No,No,No,No,No,,,,,,0
Student 0645,Year 10,10 SSO,No,No,No,No,No,,,,,,0
Student 0646,Year 9,9 BRK,No,No,No,No,No,,,,Yes,Y,1
Student 0647,Year 10,10 SSO,No,No,Yes,Yes,Yes,,,,,Y,1
Student 0648,Year 8,8 ABN,No,No,Yes,Yes,Yes,,,,,Y,1
Student 0649,Year 10,10 RHO,No,Yes,No,No,No,,,,Yes,Y,2
Student 0650,Year 7,7 ECH/SCO,No,No,Yes,Yes,Yes,,,,,Y,1
Student 0651,Year 9,9 CHG,No,No,No,No,No,,,,,,0
Student 0652,Year 10,10 DPH,No,No,No,No,No,,,,,,0
Student 0653,Year 7,7 JDA,No,Yes,Yes,Yes,Yes,,,,,Y,2
Student 0654,Year 11,11 AGN and 11 DYA,No,No,Yes,Yes,No,,,,,Y,1
Student 0655,Year 11,11 JNH,No,No,Yes,Yes,Yes,,,,Yes,Y,2
Student 0656,Year 7,7 ECH/SCO,No,No,Yes,Yes,Yes,,,,,Y,1
Student 0657,Year 8,8 AST and 8 LST,No,No,Yes,Yes,Yes,,,Child protection plan,,Y,3
Student 0658,Year 9,9 CHG,No,Yes,Yes,Yes,Yes,,,,Yes,Y,3
Student 0659,Year 7,7 WAR/SAW,No,No,No,No,Yes,,,,,Y,0
Student 0660,Year 9,9 JBU,No,No,Yes,Yes,Yes,,,,Yes,Y,2
Student 0661,Year 11,11 DYA,No,No,Yes,Yes,Yes,,,,,Y,1
Student 0662,Year 8,8 TMA,No,Yes,No,No,No,,,,,Y,1
Student 0663,Year 11,11 SMU,No,No,Yes,Yes,Yes,,,,,Y,1
Student 0664,Year 10,10 JTR,No,No,No,No,No,,,,,,0
Student 0665,Year 9,9 LJT,No,No,No,No,No,,,,Yes,Y,1
Student 0666,Year 7,7 AYE,No,No,No,No,No,,,,,,0
Student 0667,Year 8,8 AHE,No,No,Yes,Yes,No,,,,,Y,1
Student 0668,Year 10,10 RAS/SAW,No,No,Yes,Yes,Yes,,,,,Y,1
Student 0669,Year 9,9 JDI,No,No,Yes,Yes,Yes,,,,,Y,1
Student 0670,Year 10,10 JTR,No,No,Yes,Yes,Yes,,,,,Y,1
Student 0671,Year 11,11 MFL,No,Yes,No,No,No,,,,Yes,Y,2
Student 0672,Year 10,10 SSO,No,No,Yes,Yes,Yes,,,,,Y,1
Student 0673,Year 8,8 LCP,No,No,Yes,Yes,Yes,,,,Yes,Y,2
Student 0674,Year 9,9 JBU,No,No,No,No,No,,,Monitoring,Yes,Y,2
Student 0675,Year 8,8 AHE,No,No,Yes,Yes,Yes,,,,,Y,1
Student 0676,Year 10,10 DKI,No,No,Yes,Yes,Yes,,,,Yes,Y,2
Student 0677,Year 10,10 JTR,No,No,No,No,No,,,,,,0
Student 0678,Year 7,7 EGO and 7 JCL,No,Yes,Yes,Yes,Yes,,,,,Y,2
Student 0679,Year 10,10 DPH,No,No,No,No,No,,,,,,0
Student 0680,Year 11,11 DYA,Yes,No,Yes,Yes,Yes,,,,Yes,Y,3
Student 0681,Year 8,8 AST,No,No,Yes,Yes,Yes,,,,,Y,1
Student 0682,Year 8,8 AME,No,Yes,Yes,Yes,Yes,,,Monitoring,,Y,4
Student 0683,Year 7,7 WAR/SAW,No,No,Yes,Yes,Yes,,,,,Y,1
Student 0684,Year 8,8 MDS/TMW,No,Yes,Yes,Yes,Yes,,,,,Y,2
Student 0685,Year 11,11 JNH,No,Yes,Yes,Yes,Yes,,,,Yes,Y,3
Student 0686,Year 11,11 ARE/LMA,No,No,No,No,No,,,,,,0
Student 0687,Year 11,11 AGN,No,No,No,No,No,,,,,,0
Student 0688,Year 11,11 SMU and 11 DYA,No,No,Yes,Yes,Yes,,,,,Y,1
Student 0689,Year 9,9 JDI,No,Yes,Yes,Yes,Yes,,,,,Y,2
Student 0690,Year 8,8 AST,No,No,Yes,Yes,Yes,,,,,Y,1
Student 0691,Year 9,9 JDI,No,Yes,No,No,No,,,,,Y,1
Student 0692,Year 11,11 ARE/LMA,No,No,No,No,No,,,,,,0
Student 0693,Year 10,10 SSO,No,No,No,No,No,,,,Yes,Y,1
Student 0694,Year 7,7 ECH/SCO,No,No,Yes,Yes,Yes,,,,,Y,1
Student 0695,Year 9,9 CHG,No,Yes,Yes,Yes,Yes,,,,,Y,2
Student 0696,Year 7,7 PHL,No,Yes,Yes,Yes,Yes,,,Child protection plan,,Y,3
Student 0697,Year 10,10 RHO,No,No,No,No,No,,,,,,0
Student 0698,Year 9,9 DWO,No,No,No,No,No,,,,,,0
Student 0699,Year 8,8 CRO,No,No,Yes,Yes,Yes,,,,,Y,1
Student 0700,Year 11,11 AGN,No,No,No,No,No,,,,,,0
Student 0701,Year 10,10 JRE,No,Yes,Yes,Yes,Yes,,,,Yes,Y,3
Student 0702,Year 10,10 AME,No,Yes,Yes,Yes,Yes,,,Monitoring,,Y,4
Student 0703,Year 9,9 JDI,No,Yes,Yes,Yes,Yes,,,Monitoring,Yes,Y,4
Student 0704,Year 10,10 CKI,No,Yes,Yes,Yes,Yes,,,,,Y,2
Student 0705,Year 8,8 CRO,No,Yes,Yes,Yes,Yes,,,,,Y,2
Student 0706,Year 8,8 LCP,No,Yes,Yes,Yes,Yes,,,,,Y,2
Student 0707,Year 9,9 JBU,No,No,Yes,Yes,Yes,,,,,Y,1
Student 0708,Year 11,11 SMU,No,No,Yes,Yes,Yes,,,,,Y,1
Student 0709,Year 11,11 DYA,No,No,Yes,Yes,Yes,,,,,Y,1
Student 0710,Year 9,9 JBU,No,No,Yes,Yes,Yes,,,,Yes,Y,2
Student 0711,Year 8,8 AST,No,No,No,No,No,,,,,,0
Student 0712,Year 8,8 ABN,No,No,No,No,No,,,,,,0
Student 0713,Year 11,11 AGN,No,No,Yes,Yes,Yes,,,,,Y,1
Student 0714,Year 9,9 JDI,No,Yes,Yes,Yes,Yes,,,,Yes,Y,3
Student 0715,Year 8,8 MMP,No,No,Yes,Yes,Yes,,,,,Y,1
Student 0716,Year 8,8 TMA,No,No,Yes,Yes,Yes,,,,,Y,1
Student 0717,Year 10,10 RHO,No,No,Yes,Yes,Yes,,,,Yes,Y,2
Student 0718,Year 10,10 RHO,No,No,Yes,Yes,Yes,,,,Yes,Y,2
Student 0719,Year 7,7 WAR/SAW,No,No,Yes,Yes,Yes,,,,,Y,1
Student 0720,Year 11,11 BMS,No,Yes,No,No,No,,,,,Y,1
Student 0721,Year 10,10 DPH,No,No,No,No,No,,,,,,0
Student 0722,Year 9,9 DWO,No,No,No,No,No,,,,Yes,Y,1
Student 0723,Year 11,11 CPE,No,No,Yes,Yes,No,,,,Yes,Y,2
Student 0724,Year 11,11 LST,No,Yes,Yes,Yes,Yes,,,,,Y,3
Student 0725,Year 9,9 EMC,No,Yes,No,No,No,,,,Yes,Y,2
Student 0726,Year 8,8 MMP,No,Yes,Yes,Yes,Yes,,,,,Y,2
Student 0727,Year 8,8 TMA,Yes,No,Yes,Yes,Yes,,,,,Y,2
Student 0728,Year 7,7 WAR/SAW,No,Yes,Yes,Yes,Yes,,,,,Y,2
Student 0729,Year 11,11 MFL,No,Yes,Yes,Yes,Yes,,,,,Y,2
Student 0730,Year 9,9 DWO,No,No,No,No,No,,,,,,0
Student 0731,Year 10,10 DKI,No,No,No,No,No,,,,,,0
Student 0732,Year 9,9 BRK,No,No,No,No,No,,,,,,0
Student 0733,Year 10,10 LST,No,Yes,Yes,Yes,Yes,,,Monitoring,,Y,4
Student 0734,Year 8,8 AHE,No,No,Yes,Yes,Yes,,,,,Y,1
Student 0735,Year 10,10 RAS/SAW,No,No,No,No,No,,,,,,0
Student 0736,Year 7,7 AYE,No,No,No,No,No,,,,,,0
Student 0737,Year 8,8 TMA,No,No,Yes,Yes,Yes,,,,,Y,1
Student 0738,Year 10,10 SSO,No,Yes,Yes,Yes,Yes,,,,,Y,2
Student 0739,Year 10,10 DKI,No,No,Yes,Yes,Yes,,,,Yes,Y,2
Student 0740,Year 7,7 HGC,No,No,Yes,Yes,Yes,,,,,Y,1
Student 0741,Year 7,7 PHL,No,No,No,No,No,,,,,,0
Student 0742,Year 9,9 DWO,No,No,No,No,No,,,,,,0
Student 0743,Year 11,11 SMU,No,No,No,No,No,,,,,,0
Student 0744,Year 11,11 ARE/LMA,No,No,No,No,No,,,,,,0
Student 0745,Year 7,7 PHL,No,No,No,No,No,,,,,,0
Student 0746,Year 8,8 LST,No,Yes,Yes,Yes,Yes,,,Child protection plan,,Y,4
Student 0747,Year 11,11 SMU,No,No,No,No,No,,,Child in need,,,1
Student 0748,Year 9,9 JDI,No,No,Yes,Yes,Yes,,,,,Y,1
Student 0749,Year 8,8 CRO,No,Yes,Yes,Yes,Yes,,,,,Y,2
Student 0750,Year 10,10 LST,No,Yes,Yes,Yes,Yes,,,,,Y,3
Student 0751,Year 10,10 LST,No,Yes,No,No,No,,,,,Y,2
Student 0752,Year 11,11 ARE/LMA,No,No,Yes,Yes,Yes,,,,,Y,1
Student 0753,Year 9,9 LST,No,Yes,Yes,Yes,Yes,,,Early Help,,Y,4
Student 0754,Year 7,7 WAR/SAW,No,No,No,No,No,,,,,,0
Student 0755,Year 11,KJO R-Bridge,No,No,No,No,No,,,Monitoring,Yes,Y,3
Student 0756,Year 11,11 CPE,No,Yes,Yes,Yes,Yes,,,,,Y,2
Student 0757,Year 10,10 RHO,No,Yes,Yes,Yes,Yes,,,,,Y,2
Student 0758,Year 10,10 JTR,No,No,Yes,Yes,Yes,,,,,Y,1
Student 0759,Year 10,10 JRE,No,Yes,Yes,Yes,Yes,,Other/In Care,,,Y,3
Student 0760,Year 11,11 LST,No,Yes,Yes,Yes,Yes,,,Monitoring,Yes,Y,5
Student 0761,Year 10,10 DKI,No,No,Yes,Yes,Yes,,,,,Y,1
Student 0762,Year 10,10 RHO,No,No,Yes,Yes,Yes,,,,,Y,1
Student 0763,Year 11,11 MFL,No,No,Yes,Yes,Yes,,,,Yes,Y,2
Student 0764,Year 10,10 DPH,No,No,No,No,No,,,,,,0
Student 0765,Year 9,9 SSC,No,No,No,No,No,,,,,,0
Student 0766,Year 11,11 CPE,No,Yes,No,No,No,,,,Yes,Y,2
Student 0767,Year 7,7 INS,No,No,No,No,No,,,,,,0
Student 0768,Year 8,8 MMP,No,Yes,Yes,Yes,Yes,,,,Yes,Y,3
Student 0769,Year 9,9 EMC,No,Yes,No,No,No,,,,,Y,1
Student 0770,Year 8,8 AST,No,Yes,Yes,Yes,Yes,,,,,Y,2
Student 0771,Year 8,8 AHE,No,No,No,No,No,,,,,,0
Student 0772,Year 10,10 CKI,No,Yes,No,No,No,,,,,Y,1
Student 0773,Year 9,9 LJT,No,Yes,No,No,No,,,,,Y,1
Student 0774,Year 10,10 DKI,No,Yes,No,No,No,,,,,Y,1
Student 0775,Year 7,7 JCL,No,Yes,Yes,Yes,No,,,,,Y,2
Student 0776,Year 11,11 BMS,No,No,No,No,No,,,,Yes,Y,1
Student 0777,Year 9,9 LST,Yes,Yes,Yes,Yes,Yes,,,Monitoring,,Y,5
Student 0778,Year 7,7 JCL,No,Yes,No,No,No,,,,,Y,1
Student 0779,Year 8,8 AHE,No,No,No,No,No,,,,,,0
Student 0780,Year 10,10 RHO,No,Yes,No,No,No,,,,,Y,1
Student 0781,Year 11,11 AGN,No,No,No,No,No,,,,,,0
Student 0782,Year 8,8 AST,No,No,Yes,Yes,Yes,,,,,Y,1
Student 0783,Year 10,10 DPH,No,Yes,No,No,No,,,,,Y,1
Student 0784,Year 9,9 EMC,No,Yes,Yes,Yes,Yes,,,Early Help,,Y,3
Student 0785,Year 7,7 INS,No,No,No,No,No,,,,,,0
Student 0786,Year 9,9 SSC,No,No,No,No,No,,,,,,0
Student 0787,Year 9,9 EMC and 9 SSC,No,No,No,Yes,No,,Other/In Care,Child in need,,Y,2
Student 0788,Year 11,11 SMU,No,No,Yes,Yes,No,,Other/In Care,Child in need,,Y,3
Student 0789,Year 8,8 MDS/TMW,No,No,Yes,Yes,Yes,,Other/In Care,,Yes,Y,3
Student 0790,Year 11,11 ARE/LMA,Yes,No,No,No,No,,,,,,1
Student 0791,Year 8,8 ABN,No,No,Yes,Yes,Yes,,Other/In Care,,,Y,2
Student 0792,Year 10,10 DKI,No,Yes,No,No,No,,,,Yes,Y,2
Student 0793,Year 7,7 JDA,No,No,Yes,Yes,Yes,,,,,Y,1
Student 0794,Year 10,10 RAS/SAW,No,No,Yes,Yes,Yes,,,,,Y,1
Student 0795,Year 10,10 DPH,No,No,Yes,Yes,Yes,,,,,Y,1
Student 0796,Year 11,11 DYA and 11 CPE,No,Yes,No,No,No,,,,,Y,1
Student 0797,Year 8,8 ABN,No,No,No,No,No,,,,,,0
Student 0798,Year 9,9 BRK,No,No,No,No,No,,,,,,0
Student 0799,Year 7,7 INS,No,No,Yes,Yes,Yes,,,,,Y,1
Student 0800,Year 7,7 INS,No,No,No,No,No,,,,,,0
Student 0801,Year 7,7 EGO,No,No,No,No,No,,,,,,0
Student 0802,Year 8,8 EMI/CGR,No,No,No,No,No,,,,,,0
Student 0803,Year 9,9 JDI,No,No,Yes,Yes,Yes,,,,Yes,Y,2
Student 0804,Year 11,11 MFL,No,No,No,No,No,,,,,,0
Student 0805,Year 9,9 EMC,No,Yes,Yes,Yes,Yes,,,Early Help,,Y,3
Student 0806,Year 8,8 MDS/TMW,No,No,Yes,Yes,Yes,,,,,Y,1
Student 0807,Year 8,8 ABN,No,No,No,No,No,,,,,,0
Student 0808,Year 9,9 JBU,No,No,Yes,Yes,Yes,,,Monitoring,,Y,2
Student 0809,Year 8,8 LCP,No,Yes,Yes,Yes,Yes,,,,,Y,2
Student 0810,Year 10,10 SSO,No,No,Yes,Yes,Yes,,,,Yes,Y,2
Student 0811,Year 7,7 PHL,No,No,Yes,Yes,Yes,,,,,Y,1
Student 0812,Year 11,11 LST,No,Yes,Yes,Yes,Yes,,,,,Y,3
Student 0813,Year 9,9 LST,No,Yes,Yes,Yes,Yes,,,,,Y,3
Student 0814,Year 11,11 JNH,No,Yes,Yes,Yes,Yes,,,,,Y,2
Student 0815,Year 8,8 CRO,No,No,No,No,No,,,,,,0
Student 0816,Year 10,10 JRE,No,Yes,Yes,Yes,Yes,,,,,Y,2
Student 0817,Year 10,10 JRE,No,Yes,Yes,Yes,Yes,,,,Yes,Y,3
Student 0818,Year 11,11 AGN,No,No,No,No,No,,,,,,0
Student 0819,Year 9,9 CHG,No,No,No,No,No,,,,,,0
Student 0820,Year 8,8 AST,No,No,No,No,No,,,,,,0
Student 0821,Year 11,11 LST,No,Yes,Yes,Yes,Yes,,,Child in need,,Y,4
Student 0822,Year 8,8 LCP,No,Yes,No,No,No,,,,,Y,1
Student 0823,Year 11,11 MFL,No,No,Yes,Yes,No,,,,,Y,1
Student 0824,Year 10,10 SSO,No,No,Yes,Yes,Yes,,,,,Y,1
Student 0825,Year 9,9 CHG,No,Yes,No,No,No,,,,,Y,1
Student 0826,Year 9,9 BRK,No,No,No,No,No,,,,,,0
Student 0827,Year 9,9 BRK,No,Yes,Yes,Yes,Yes,,,,,Y,2
Student 0828,Year 11,11 JNH,No,Yes,Yes,Yes,Yes,,,Monitoring,Yes,Y,4
Student 0829,Year 8,8 LCP,No,No,Yes,Yes,Yes,,,Monitoring,,Y,2
Student 0830,Year 10,10 RAS/SAW,No,No,No,No,No,,,,,,0
Student 0831,Year 8,8 AHE,No,No,No,No,No,,,,,,0
Student 0832,Year 10,10 AME,No,Yes,Yes,Yes,Yes,,,,,Y,3
Student 0833,Year 10,KJO R-Bridge,No,No,Yes,Yes,Yes,,,Child in need,Yes,Y,4
Student 0834,Year 9,9 BRK,No,No,No,No,No,,,,,,0
Student 0835,Year 10,10 DKI,No,No,Yes,Yes,Yes,,,,,Y,1
Student 0836,Year 11,11 LST,No,Yes,Yes,Yes,Yes,,,Child in need,Yes,Y,5
Student 0837,Year 11,11 MFL,No,Yes,Yes,Yes,Yes,,,,,Y,2
Student 0838,Year 8,8 LCP,No,No,Yes,Yes,Yes,,,,,Y,1
Student 0839,Year 7,7 PHL,No,No,Yes,Yes,Yes,,,,,Y,1
Student 0840,Year 8,8 EMI/CGR,No,Yes,Yes,Yes,Yes,,,,Yes,Y,3
Student 0841,Year 10,10 JTR,No,No,Yes,Yes,Yes,,,,,Y,1
Student 0842,Year 9,9 CHG,No,No,Yes,Yes,Yes,,,,Yes,Y,2
Student 0843,Year 9,9 CHG,No,No,No,No,No,,,,Yes,Y,1
Student 0844,Year 8,8 ABN,No,No,Yes,Yes,Yes,,,,Yes,Y,2
Student 0845,Year 9,9 EMC,No,Yes,No,No,No,,,,,Y,1
Student 0846,Year 7,7 AYE,No,No,Yes,Yes,Yes,,,,,Y,1
Student 0847,Year 11,11 ARE/LMA,No,No,Yes,Yes,Yes,,,,,Y,1
Student 0848,Year 8,8 EMI/CGR and KJO R-Bridge,No,Yes,Yes,Yes,Yes,,,,Yes,Y,4
Student 0849,Year 8,8 EMI/CGR,No,No,Yes,Yes,Yes,,,,,Y,1
Student 0850,Year 10,10 DKI,No,Yes,Yes,Yes,Yes,,,,,Y,2
Student 0851,Year 8,KJO R-Bridge,No,No,Yes,Yes,Yes,,,Monitoring,Yes,Y,4
Student 0852,Year 7,7 AYE,No,No,Yes,Yes,Yes,,,,,Y,1
Student 0853,Year 9,9 JBU,Yes,No,Yes,Yes,Yes,,,,,Y,2
Student 0854,Year 10,10 SSO,No,No,No,No,No,,,,,,0
Student 0855,Year 10,10 DKI,No,Yes,No,No,No,,,,Yes,Y,2
Student 0856,Year 10,10 JRE,No,Yes,No,No,No,,,,Yes,Y,2
Student 0857,Year 8,8 LCP,No,Yes,Yes,Yes,Yes,,,,,Y,2
Student 0858,Year 11,11 LST,No,Yes,Yes,Yes,Yes,,,Child in need,,Y,4
Student 0859,Year 7,7 JDA,No,No,Yes,Yes,Yes,,,,,Y,1
Student 0860,Year 8,8 EMI/CGR,No,Yes,Yes,Yes,Yes,,,,Yes,Y,3
Student 0861,Year 8,8 EMI/CGR,No,No,Yes,Yes,Yes,,,,,Y,1
Student 0862,Year 11,11 BMS,No,No,Yes,Yes,Yes,,,,,Y,1
Student 0863,Year 10,10 JRE and 10 CKI,No,Yes,Yes,Yes,Yes,,,,,Y,2
Student 0864,Year 9,9 CHG,No,No,No,No,No,,,,,,0
Student 0865,Year 8,8 EMI/CGR,No,No,No,No,No,,,,,,0
Student 0866,Year 10,10 RAS/SAW,No,No,No,No,No,,,,,,0
Student 0867,Year 7,7 INS,No,No,No,No,No,,,,,,0
Student 0868,Year 11,11 ARE/LMA,No,No,No,No,No,,,,,,0
Student 0869,Year 11,11 JNH,No,No,Yes,Yes,Yes,,,,,Y,1
Student 0870,Year 11,11 JNH,No,No,Yes,Yes,Yes,,,,Yes,Y,2
Student 0871,Year 7,7 AYE,No,No,No,No,No,,,,,,0
Student 0872,Year 8,8 CRO,No,No,Yes,Yes,Yes,,,,,Y,1
Student 0873,Year 7,7 INS,No,Yes,Yes,Yes,Yes,,,,,Y,2
Student 0874,Year 8,8 EMI/CGR,No,Yes,No,No,No,,,,,Y,1
Student 0875,Year 11,11 BMS,No,Yes,No,No,No,,,,Yes,Y,2
Student 0876,Year 8,8 AHE,No,No,No,No,No,,,,Yes,Y,1
Student 0877,Year 7,7 WAR/SAW,No,Yes,No,No,No,,,,,Y,1
Student 0878,Year 9,9 LJT,No,No,Yes,Yes,Yes,,,,Yes,Y,2
Student 0879,Year 8,8 MDS/TMW,No,No,No,No,No,,,,,,0
Student 0880,Year 7,7 WAR/SAW,No,No,Yes,Yes,Yes,,,,,Y,1
Student 0881,Year 9,9 SSC,No,No,Yes,Yes,Yes,,,,,Y,1
Student 0882,Year 7,7 ECH/SCO and 7 LST,No,Yes,Yes,Yes,No,Yes,Left care through special guardianship order (SGO),Child protection plan,,Y,6
Student 0883,Year 7,7 EGO,No,No,Yes,Yes,Yes,,,,,Y,1
Student 0884,Year 8,8 AME,No,Yes,Yes,Yes,Yes,,,,,Y,3
Student 0885,Year 8,8 MMP,No,Yes,No,No,No,,,,,Y,1
Student 0886,Year 10,10 JRE,No,Yes,No,No,No,,,,,Y,1
Student 0887,Year 10,10 LST,No,Yes,No,No,No,,,Child protection plan,,Y,3
Student 0888,Year 8,8 AST,No,No,No,No,No,,,,,,0
Student 0889,Year 11,11 ARE/LMA,No,No,No,No,No,,,,,,0
Student 0890,Year 10,10 SSO,No,No,Yes,Yes,Yes,,,Monitoring,,Y,2
Student 0891,Year 7,7 HGC,No,No,No,No,No,,,,,,0
Student 0892,Year 10,10 SSO,No,No,Yes,Yes,Yes,,,,,Y,1
Student 0893,Year 7,7 INS,No,No,Yes,Yes,Yes,,,,,Y,1
Student 0894,Year 11,11 ARE/LMA,No,No,Yes,Yes,Yes,,,,Yes,Y,2
Student 0895,Year 9,9 LJT,No,Yes,Yes,Yes,Yes,,,,,Y,2
Student 0896,Year 7,7 JDA,No,No,Yes,Yes,Yes,,,,,Y,1
Student 0897,Year 9,9 JBU,No,No,No,No,No,,,,,,0
Student 0898,Year 9,9 LJT,No,Yes,Yes,Yes,Yes,,,,,Y,2
Student 0899,Year 7,7 HGC,No,No,Yes,Yes,Yes,,,,,Y,1
Student 0900,Year 9,9 LST,No,Yes,No,No,No,,,Child protection plan,,Y,3
Student 0901,Year 10,10 JTR,No,No,No,No,No,,,,Yes,Y,1
Student 0902,Year 10,KJO R-Bridge,No,No,Yes,Yes,Yes,,,,Yes,Y,3
Student 0903,Year 8,8 LST,No,Yes,Yes,Yes,Yes,,,Monitoring,,Y,4
Student 0904,Year 11,11 ARE/LMA,No,No,No,No,No,,,,,,0
Student 0905,Year 8,8 AHE,No,Yes,No,No,No,,,,,Y,1
Student 0906,Year 9,9 AME,No,Yes,No,No,No,,,,,Y,2
Student 0907,Year 8,8 AHE,No,No,Yes,Yes,Yes,,,,,Y,1
Student 0908,Year 9,9 LST and 9 JBU,No,Yes,Yes,Yes,Yes,,,,,Y,3
Student 0909,Year 11,11 MFL,No,No,Yes,Yes,Yes,,,,,Y,1
Student 0910,Year 10,10 LST,No,Yes,No,No,No,,,,,Y,2
Student 0911,Year 11,11 BMS,No,No,Yes,Yes,Yes,,,,,Y,1
Student 0912,Year 9,9 EMC,No,Yes,Yes,Yes,Yes,,,,,Y,2
Student 0913,Year 7,7 WAR/SAW and 7 JCL,No,Yes,No,No,No,,,,,Y,1
Student 0914,Year 7,7 AYE,No,No,No,No,No,,,,,,0
Student 0915,Year 7,7 AYE,No,No,Yes,Yes,Yes,,,,,Y,1
Student 0916,Year 7,7 PHL,No,No,No,No,No,,,,,,0
Student 0917,Year 11,11 MFL,No,No,No,No,No,,,,,,0
Student 0918,Year 10,10 DPH,No,No,Yes,Yes,Yes,,,,,Y,1
Student 0919,Year 10,10 DPH,No,Yes,Yes,Yes,Yes,,,Monitoring,Yes,Y,4
Student 0920,Year 10,10 CKI,No,No,No,No,No,,,,,,0
Student 0921,Year 11,11 LST,No,Yes,No,No,No,,,,Yes,Y,3
Student 0922,Year 9,9 EMC,No,Yes,No,No,No,,,,,Y,1
Student 0923,Year 11,11 SMU,No,No,Yes,Yes,Yes,,,,,Y,1
Student 0924,Year 10,KJO R-Bridge,No,Yes,Yes,Yes,Yes,,,,,Y,3
Student 0925,Year 10,10 AME,No,Yes,Yes,Yes,Yes,,,,,Y,3
Student 0926,Year 7,7 ECH/SCO,No,No,Yes,Yes,Yes,,,,,Y,1
Student 0927,Year 7,7 EGO,No,No,No,No,No,,,,,,0
Student 0928,Year 9,9 JBU,No,No,No,No,No,,,,Yes,Y,1
Student 0929,Year 7,7 ECH/SCO,No,No,Yes,Yes,Yes,,,,,Y,1
Student 0930,Year 10,10 RAS/SAW,No,No,No,No,No,,,,,,0
Student 0931,Year 8,8 MDS/TMW,No,No,Yes,Yes,Yes,,,,,Y,1
Student 0932,Year 8,8 MMP,No,Yes,Yes,Yes,Yes,,,,,Y,2
Student 0933,Year 8,8 MMP,No,Yes,Yes,Yes,Yes,,,,,Y,2
Student 0934,Year 11,11 BMS,No,No,Yes,Yes,Yes,,,Child in need,,Y,2
Student 0935,Year 11,11 BMS,No,Yes,Yes,Yes,Yes,,,,,Y,2
Student 0936,Year 9,9 LJT,No,No,Yes,Yes,Yes,,,Child in need,,Y,2
Student 0937,Year 8,8 TMA,No,No,Yes,Yes,Yes,,,,Yes,Y,2
Student 0938,Year 11,11 SMU,No,No,Yes,Yes,Yes,,,,Yes,Y,2
Student 0939,Year 8,8 LCP,No,No,Yes,Yes,Yes,,,Monitoring,Yes,Y,3
Student 0940,Year 10,10 DKI,No,No,No,No,No,,,,,,0
Student 0941,Year 9,9 DWO,No,Yes,Yes,Yes,Yes,,,,,Y,2
Student 0942,Year 9,9 DWO,No,Yes,Yes,Yes,Yes,,,,,Y,2
Student 0943,Year 8,8 ABN,No,No,Yes,Yes,Yes,,,,,Y,1
Student 0944,Year 8,8 EMI/CGR,No,No,No,No,No,,,,,,0
Student 0945,Year 11,11 ARE/LMA,No,No,Yes,Yes,Yes,,,,,Y,1
Student 0946,Year 9,9 CHG,No,No,No,No,No,,,,,,0
Student 0947,Year 8,8 MMP,No,Yes,No,No,No,,,,,Y,1
Student 0948,Year 11,11 LST,No,Yes,Yes,Yes,Yes,,,Child protection plan,Yes,Y,5
Student 0949,Year 9,9 LST,Yes,Yes,Yes,Yes,Yes,,,Monitoring,,Y,5
Student 0950,Year 10,10 JTR,No,No,Yes,Yes,Yes,,,,,Y,1
Student 0951,Year 7,7 JDA,No,No,Yes,Yes,Yes,,,,,Y,1
Student 0952,Year 10,10 SSO,No,Yes,No,No,No,,,Monitoring,,Y,2
Student 0953,Year 8,8 EMI/CGR,No,Yes,Yes,Yes,Yes,,,,,Y,2
Student 0954,Year 10,10 LST,No,Yes,Yes,Yes,Yes,,,Child in need,,Y,4
Student 0955,Year 8,8 TMA,No,No,Yes,Yes,Yes,,,,,Y,1
Student 0956,Year 9,9 JBU and 9 LST,No,Yes,No,No,No,,,,,Y,2
Student 0957,Year 11,KJO R-Bridge,No,Yes,Yes,Yes,Yes,,,Early Help,,Y,4
Student 0958,Year 10,10 RHO,No,No,Yes,Yes,Yes,,,,,Y,1
Student 0959,Year 7,7 WAR/SAW,No,No,Yes,Yes,Yes,,,,,Y,1
Student 0960,Year 8,8 CRO,No,No,Yes,Yes,Yes,,,,,Y,1
Student 0961,Year 7,7 WAR/SAW,No,Yes,Yes,Yes,Yes,,,,,Y,2
Student 0962,Year 11,11 LST,No,Yes,Yes,Yes,Yes,,,Early Help,Yes,Y,5
Student 0963,Year 11,11 BMS,No,No,Yes,Yes,Yes,,,,Yes,Y,2
Student 0964,Year 11,11 DYA,No,No,No,No,No,,,,,,0
Student 0965,Year 9,9 EMC,Yes,Yes,No,No,No,,,,,Y,2
Student 0966,Year 8,8 ABN,No,No,No,No,No,,,,,,0
Student 0967,Year 10,10 RAS/SAW,No,No,Yes,Yes,No,,,,,Y,1
Student 0968,Year 7,7 HGC,No,No,No,No,No,,,,,,0
Student 0969,Year 8,8 CRO,No,No,Yes,Yes,Yes,,,,,Y,1
Student 0970,Year 7,7 INS,No,Yes,Yes,Yes,Yes,,,,,Y,2
Student 0971,Year 10,10 LST,No,Yes,Yes,Yes,Yes,,,Early Help,,Y,4
Student 0972,Year 11,11 CPE,No,No,Yes,Yes,Yes,,,,Yes,Y,2
Student 0973,Year 7,7 INS,No,No,Yes,Yes,Yes,,,,,Y,1
Student 0974,Year 8,8 EMI/CGR,No,No,Yes,Yes,Yes,,,,,Y,1
Student 0975,Year 9,9 LST and 9 LJT,No,Yes,Yes,Yes,Yes,,,Early Help,Yes,Y,5
Student 0976,Year 7,7 WAR/SAW,No,No,No,No,No,,,,,,0
Student 0977,Year 7,7 AYE,No,No,Yes,Yes,Yes,,,,,Y,1
Student 0978,Year 8,8 AHE,No,No,Yes,Yes,Yes,,,,Yes,Y,2
Student 0979,Year 10,10 RAS/SAW,No,No,No,No,No,,,,,,0
Student 0980,Year 7,7 WAR/SAW,No,No,Yes,Yes,Yes,,,,,Y,1
Student 0981,Year 7,7 HGC,No,No,Yes,Yes,Yes,,,,,Y,1
Student 0982,Year 11,11 LST,No,Yes,Yes,Yes,Yes,,,Child protection plan,,Y,4
Student 0983,Year 11,11 CPE,No,Yes,Yes,Yes,Yes,,Other/In Care,,,Y,3
Student 0984,Year 8,8 MMP,No,Yes,No,No,No,,,,,Y,1
Student 0985,Year 11,11 AGN,No,No,Yes,Yes,Yes,,,,,Y,1
Student 0986,Year 7,7 INS,No,No,Yes,Yes,Yes,,,,,Y,1
Student 0987,Year 10,10 JRE,No,Yes,Yes,Yes,Yes,,,,,Y,2
Student 0988,Year 8,8 LCP and 8 TMA,No,No,Yes,Yes,Yes,,,,,Y,1
Student 0989,Year 9,9 LJT,No,No,No,No,No,,,,,,0
Student 0990,Year 11,11 DYA,No,No,Yes,Yes,Yes,,,,,Y,1
Student 0991,Year 8,8 EMI/CGR,No,No,No,No,No,,,,,,0
Student 0992,Year 7,7 AYE,No,No,Yes,Yes,Yes,,,,,Y,1
Student 0993,Year 10,10 DKI,No,Yes,No,No,No,,,,,Y,1
Student 0994,Year 8,8 LCP,No,Yes,Yes,Yes,No,,,,Yes,Y,3
Student 0995,Year 7,7 PHL,No,No,Yes,Yes,Yes,,,,,Y,1
Student 0996,Year 7,7 INS,No,No,Yes,Yes,Yes,,,Child in need,,Y,2
Student 0997,Year 10,10 DPH,No,No,Yes,Yes,Yes,,,,,Y,1
Student 0998,Year 7,7 EGO,No,No,No,No,No,,,,,,0
Student 0999,Year 10,10 RAS/SAW,No,No,Yes,Yes,No,,,,,Y,1
Student 1000,Year 11,11 BMS,No,No,No,No,No,,,,Yes,Y,1
Student 1001,Year 7,7 JDA,No,No,Yes,Yes,Yes,,,,,Y,1
Student 1002,Year 8,8 MDS/TMW,No,Yes,Yes,Yes,Yes,,,,,Y,2
Student 1003,Year 9,9 SSC,No,No,Yes,Yes,Yes,,,,Yes,Y,2
Student 1004,Year 8,8 CRO,No,No,No,No,No,,,,,,0
Student 1005,Year 11,11 JNH,No,No,No,No,No,,,,,,0
Student 1006,Year 11,11 BMS,No,No,No,No,No,,,Monitoring,,,1
Student 1007,Year 8,8 EMI/CGR,No,No,No,No,No,,,,,,0
Student 1008,Year 7,7 EGO,No,No,Yes,Yes,Yes,,,,,Y,1
Student 1009,Year 11,11 JNH,No,No,Yes,Yes,Yes,,,Monitoring,,Y,2
Student 1010,Year 10,KJO R-Bridge,No,No,No,No,No,,,,,,1
Student 1011,Year 9,9 CHG,No,No,Yes,Yes,Yes,,,,,Y,1
Student 1012,Year 11,KJO R-Bridge,Yes,Yes,Yes,Yes,Yes,,,,Yes,Y,5
Student 1013,Year 7,7 ECH/SCO,No,No,Yes,Yes,Yes,,,,,Y,1
Student 1014,Year 8,8 TMA,No,No,Yes,Yes,Yes,,,,,Y,1
Student 1015,Year 7,7 JDA,No,No,No,No,No,,,,,,0
Student 1016,Year 7,7 HGC,No,No,No,No,No,,,,,,0
Student 1017,Year 11,11 LST,No,Yes,No,No,No,,,,,Y,2
Student 1018,Year 9,9 SSC,No,No,No,No,No,,,,,,0
Student 1019,Year 11,11 DYA,No,No,No,No,No,,,,,,0
Student 1020,Year 8,8 AHE,No,No,Yes,Yes,Yes,,,,,Y,1
Student 1021,Year 7,7 ECH/SCO,No,No,No,No,No,,,,,,0
Student 1022,Year 8,8 LST,No,Yes,No,No,No,,,,Yes,Y,3
Student 1023,Year 9,9 DWO and 9 LST,No,Yes,No,No,No,,,,,Y,2
Student 1024,Year 10,10 LST,No,Yes,Yes,Yes,Yes,,,Early Help,,Y,4
Student 1025,Year 10,10 RHO,No,No,Yes,Yes,Yes,,,,,Y,1
Student 1026,Year 8,8 EMI/CGR,No,No,No,No,No,,,,,,0
Student 1027,Year 11,11 BMS,No,No,No,No,No,,,,Yes,Y,1
Student 1028,Year 7,7 PHL,No,No,No,No,No,,,,,,0
Student 1029,Year 11,11 ARE/LMA,No,No,Yes,Yes,Yes,,,,,Y,1
Student 1030,Year 8,8 ABN,Yes,No,Yes,Yes,Yes,,,,Yes,Y,3
Student 1031,Year 10,10 DPH,No,No,Yes,Yes,Yes,,,,,Y,1
Student 1032,Year 9,9 SSC,No,Yes,No,No,No,,,,,Y,1
Student 1033,Year 10,10 JTR,No,No,No,No,No,,,,,,0
Student 1034,Year 9,9 LJT,No,Yes,No,No,No,,,,Yes,Y,2
Student 1035,Year 9,9 CHG,No,No,Yes,Yes,Yes,,,,,Y,1
Student 1036,Year 7,7 JDA,No,No,No,No,No,,,Monitoring,,,1
Student 1037,Year 7,7 EGO,No,No,No,No,No,,,,,,0
Student 1038,Year 11,11 BMS,No,Yes,Yes,Yes,No,,,Monitoring,,Y,3
Student 1039,Year 10,10 DPH,No,No,No,No,No,,,,,,0
Student 1040,Year 7,7 ECH/SCO,No,No,No,No,No,,,,,,0
Student 1041,Year 10,10 JTR,No,No,No,No,No,,,,,,0
Student 1042,Year 7,7 EGO,No,No,Yes,Yes,Yes,,,,,Y,1
Student 1043,Year 11,11 DYA,No,No,Yes,Yes,Yes,,,,,Y,1
Student 1044,Year 11,11 ARE/LMA,No,Yes,Yes,Yes,Yes,,,Monitoring,Yes,Y,4
Student 1045,Year 7,7 AYE,No,No,Yes,Yes,Yes,,,,,Y,1
Student 1046,Year 10,10 CKI and KJO R-Bridge,No,No,Yes,Yes,No,,,,,Y,2
Student 1047,Year 8,8 EMI/CGR,No,No,Yes,Yes,Yes,,,,,Y,1
Student 1048,Year 11,11 LST,No,Yes,Yes,Yes,Yes,,,Child protection plan,,Y,4
Student 1049,Year 9,9 LST,No,Yes,Yes,Yes,Yes,,,Monitoring,,Y,4
Student 1050,Year 8,8 MDS/TMW,No,Yes,Yes,Yes,Yes,,,,,Y,2
Student 1051,Year 9,9 JBU,No,Yes,No,No,No,,,,,Y,1
Student 1052,Year 10,10 SSO,No,No,Yes,Yes,Yes,,,,,Y,1
Student 1053,Year 11,11 MFL and 11 DYA,No,No,Yes,Yes,Yes,,,,,Y,1
Student 1054,Year 8,8 LCP,No,Yes,Yes,Yes,Yes,,,,,Y,2
Student 1055,Year 10,KJO R-Bridge,No,Yes,Yes,Yes,Yes,,,,Yes,Y,4
Student 1056,Year 11,11 BMS,No,No,Yes,Yes,Yes,,,,Yes,Y,2
Student 1057,Year 11,KJO R-Bridge,Yes,Yes,Yes,Yes,Yes,,,,,Y,4
Student 1058,Year 8,8 EMI/CGR,No,No,Yes,Yes,Yes,,,,,Y,1
Student 1059,Year 11,11 BMS,No,No,Yes,Yes,Yes,,,,Yes,Y,2
Student 1060,Year 7,7 WAR/SAW,No,Yes,Yes,Yes,Yes,,Other/In Care,,,Y,3
Student 1061,Year 8,8 AME,No,Yes,No,No,No,,,,,Y,2
Student 1062,Year 10,10 JTR,No,No,No,No,No,,,,,,0
Student 1063,Year 7,7 ECH/SCO,No,No,Yes,Yes,Yes,,,,,Y,1
Student 1064,Year 7,7 JDA,No,No,Yes,Yes,Yes,,,,,Y,1
Student 1065,Year 8,8 LST,No,Yes,No,No,No,,,,Yes,Y,3
Student 1066,Year 10,10 DKI,No,No,Yes,Yes,Yes,,,,Yes,Y,2
Student 1067,Year 9,9 LJT,No,No,No,No,No,,,,,,0
Student 1068,Year 9,9 SSC,No,Yes,Yes,Yes,Yes,,,,,Y,2
Student 1069,Year 8,8 MDS/TMW,No,No,Yes,Yes,Yes,,,,,Y,1
Student 1070,Year 7,7 AYE,No,No,Yes,Yes,Yes,,,,,Y,1
Student 1071,Year 9,9 CHG,No,No,Yes,Yes,Yes,,,Monitoring,,Y,2
Student 1072,Year 9,9 CHG,No,No,No,No,No,,,,,,0
Student 1073,Year 10,10 RHO,No,No,No,No,No,,,,,,0
Student 1074,Year 8,8 MMP,No,No,No,No,No,,,,,,0
Student 1075,Year 9,9 DWO,No,No,Yes,Yes,Yes,,,,,Y,1
Student 1076,Year 9,9 BRK,No,No,No,No,No,,,,Yes,Y,1
Student 1077,Year 10,10 RHO,No,No,Yes,Yes,Yes,,,,,Y,1
Student 1078,Year 11,11 SMU,Yes,No,Yes,Yes,Yes,,,,,Y,2
Student 1079,Year 7,7 JCL,No,Yes,Yes,Yes,Yes,,,,,Y,2
Student 1080,Year 7,7 ECH/SCO,No,No,Yes,Yes,Yes,,,,,Y,1
Student 1081,Year 9,9 BRK,No,No,Yes,Yes,Yes,,,,,Y,1
Student 1082,Year 11,11 LST,No,Yes,Yes,Yes,Yes,,,Early Help,,Y,4
Student 1083,Year 9,9 BRK,No,Yes,No,No,No,,,,,Y,1
Student 1084,Year 8,8 MDS/TMW,No,No,No,No,No,,,,,,0
Student 1085,Year 11,11 LST,No,Yes,Yes,Yes,Yes,,,Child in need,Yes,Y,5
Student 1086,Year 7,7 AYE,No,No,Yes,Yes,Yes,,,,,Y,1
Student 1087,Year 7,7 JCL,No,No,No,No,No,,,,,,0
Student 1088,Year 10,10 SSO,No,Yes,No,No,No,,,,,Y,1
Student 1089,Year 10,10 DKI,No,No,No,No,No,,,,,,0
Student 1090,Year 9,9 BRK,No,No,Yes,Yes,Yes,,,,Yes,Y,2
Student 1091,Year 10,10 DKI,No,No,Yes,Yes,Yes,,,Monitoring,,Y,2
Student 1092,Year 11,11 CPE,Yes,Yes,No,No,No,,,,Yes,Y,3
Student 1093,Year 11,11 BMS,No,No,No,No,No,,,,Yes,Y,1
Student 1094,Year 9,9 DWO,No,No,No,No,No,,,,,,0
Student 1095,Year 10,10 RAS/SAW,No,No,Yes,Yes,Yes,,,,,Y,1
Student 1096,Year 10,10 JRE,No,Yes,No,No,No,,,,,Y,1
Student 1097,Year 9,9 JDI,No,No,No,No,No,,,,,,0
Student 1098,Year 10,10 CKI,No,Yes,Yes,Yes,Yes,,,,Yes,Y,3
Student 1099,Year 7,7 INS,No,Yes,Yes,Yes,Yes,,,,,Y,2
Student 1100,Year 7,7 EGO,No,Yes,Yes,Yes,Yes,,,,,Y,2
Student 1101,Year 10,10 SSO,No,No,No,No,No,,,,,,0
Student 1102,Year 11,11 LST,No,Yes,Yes,Yes,Yes,,,Monitoring,Yes,Y,5
Student 1103,Year 8,8 AHE,Yes,No,Yes,Yes,Yes,,,,,Y,2
Student 1104,Year 7,7 ECH/SCO,No,No,Yes,Yes,Yes,,,,,Y,1
Student 1105,Year 10,10 JTR,No,No,No,No,No,,,,,,0
Student 1106,Year 9,9 JDI,No,Yes,Yes,Yes,Yes,,,Monitoring,,Y,3
Student 1107,Year 11,11 BMS,No,No,Yes,Yes,Yes,,,Monitoring,Yes,Y,3
Student 1108,Year 10,10 SSO,No,No,No,No,No,,,,,,0
Student 1109,Year 9,9 JDI,No,Yes,No,No,No,,,,,Y,1
Student 1110,Year 8,8 MMP,No,Yes,No,No,No,,,,,Y,1
Student 1111,Year 7,7 WAR/SAW,No,No,No,No,No,,,,,,0
Student 1112,Year 7,7 JCL,No,Yes,Yes,Yes,Yes,,,,,Y,2
Student 1113,Year 7,7 JDA,No,No,No,No,No,,,,,,0
Student 1114,Year 10,10 DPH,No,Yes,Yes,Yes,Yes,,,Monitoring,Yes,Y,4
Student 1115,Year 8,8 MMP,No,Yes,Yes,Yes,Yes,,,,,Y,2
Student 1116,Year 9,9 LJT,No,Yes,Yes,Yes,Yes,,,,,Y,2
Student 1117,Year 11,11 ARE/LMA,No,No,No,No,No,,,,,,0
Student 1118,Year 8,8 MDS/TMW,No,No,No,No,No,,,,,,0
Student 1119,Year 7,7 PHL,No,No,No,No,No,,,,,,0
Student 1120,Year 9,9 JDI,No,No,No,No,No,,,,Yes,Y,1
Student 1121,Year 9,9 BRK,No,Yes,No,No,No,,,,,Y,1
Student 1122,Year 9,9 DWO,No,Yes,Yes,Yes,Yes,,,,,Y,2